id,ville,adresse,dist_km,brand,source,osm,osm_tags,match_m,shared
69003013,LYON,258 rue Garibaldi,1.7,Avia,recognised,way/361557395,brand=Avia | operator=Avia | name=Avia,1,
69004002,Lyon,22 Rue Philippe de Lassalle,1.76,Esso Express,recognised,node/1953590652,brand=Esso Express | name=Esso Express,45,
69004016,LYON,97 RUE DENFERT ROCHEREAU,1.77,Eni,recognised,node/2687558383,brand=Eni | operator=Agip | name=Eni,31,
69100029,VILLEURBANNE,87-89 BD STALINGRAD,2.44,Esso,recognised,node/5092868372,brand=Esso | name=Esso,34,
69100031,VILLEURBANNE,47 COURS EMILE ZOLA,2.55,Esso,recognised,node/1348027494,brand=Esso | name=Esso,28,
69009008,LYON,100 AVENUE BARTHELEMY BUYER,2.55,Total Access,recognised,node/3135247243,brand=Total Access | name=Total Access,40,
69004020,LYON,55 BIS QUAI GILLET,2.64,Eni,recognised,node/3135242210,brand=Eni | name=Eni,53,
69300010,CALUIRE-ET-CUIRE,34 Rue Pasteur,2.69,TotalEnergies,recognised,node/1896604910,brand=Total | name=Total,27,
69003012,Lyon,65 COURS ALBERT THOMAS,3.08,Avia,recognised,node/249331849,brand=Avia | operator=Avia | name=Avia,28,
69007012,LYON 7,44 AVENUE LECLERC,3.14,Avia,recognised,node/408053118,brand=Avia | name=Avia,21,
69100030,VILLEURBANNE,72 COURS TOLSTOI,3.21,Esso,recognised,way/84590940,brand=Esso | operator=Esso | name=Esso,21,
69100028,VILLEURBANNE,110 BD DU 11 NOVEMBRE 1918,3.21,Esso,recognised,way/85022941,brand=Esso | name=ESSO,42,
69007006,LYON,112/116 RUE DE GERLAND,3.22,TotalEnergies,recognised,node/944083020,brand=TotalEnergies | name=TotalEnergies Raclet,36,
69110006,SAINTE FOY LES LYON,BOULEVARD DES PROVINCES,3.23,TotalEnergies,recognised,node/12385439971,brand=TotalEnergies | name=TotalEnergies,58,
69009003,Lyon,69 AVENUE DU 25EME RTS,3.29,Esso,recognised,way/125075631,brand=Esso | operator=Esso Express | name=Esso,66,
69009007,LYON,111 RUE MARIETTON,3.44,TotalEnergies,recognised,node/3303361961,brand=TotalEnergies | name=Total,40,
69002006,LYON,84 QUAI PERRACHE,3.5,Esso,recognised,way/806804022,brand=Esso | name=Esso,42,
69110004,SAINTE-FOY-LèS-LYON,Rue Commandant Charcot,3.64,,unmatched,,,,
69370002,Saint-Didier-au-Mont-d'Or,107 ROUTE DE ST CYR,3.69,TotalEnergies,recognised,node/1566655390,brand=Total | name=Relais Saint-Didier,28,
69100001,VILLEURBANNE,"145, Rue Anatole France",3.79,Carrefour,recognised,node/729766205,brand=Carrefour | operator=Carrefour | name=Carrefour,62,
69300011,Caluire-et-Cuire,Place Maréchal Foch - Montée des soldats,3.88,TotalEnergies,recognised,way/50825861,brand=TotalEnergies | operator=SARL MD Rhône | name=Relais des Soldats,33,
69110005,Sainte-Foy-lès-Lyon,28 AVENUE MAURICE JARROSSON,3.93,Intermarché,recognised,node/1908196728,brand=Intermarché,1,
69008007,LYON,131 RUE MARIUS BERLIET,3.96,Total Access,recognised,node/34991534,brand=Total Access | name=Total Access,199,
69160005,TASSIN LA DEMI LUNE,49 AVENUE VICTOR HUGO,4.02,Avia,recognised,node/1459055367,brand=Avia | name=Avia,23,
69200003,VéNISSIEUX,38 rue du moulin à vent,4.09,,unmatched,,,,
69007008,LYON,AVENUE TONY GARNIER,4.15,TotalEnergies,recognised,node/25214045,brand=TotalEnergies | name=Total Access,80,
69007009,LYON,AVENUE TONY GARNIER,4.24,Total Access,recognised,node/571833146,brand=Total Access | operator=Total | name=Total Access,62,
69160001,TASSIN-LA-DEMI-LUNE,35 AVENUE GENERAL BROSSET,4.31,Auchan,recognised,node/252155883,brand=Auchan | operator=Auchan | name=Auchan,33,
69350003,LA MULATIERE,66 RUE STEPHANE DECHANT,4.52,TotalEnergies,recognised,node/917259723,brand=Total | operator=Total | name=Total,77,
69005002,LYON,131 Rue Joliot-Curie,4.54,Eni,recognised,node/2308064621,brand=Eni | operator=Eni | name=Eni,117,
69005005,LYON 5EME,165 RUE JOLIOT CURIE,4.69,Avia,recognised,way/835788716,brand=Avia | operator=Avia | name=Avia,37,
69130003,Écully,28 Avenue Édouard Aynard,4.7,Esso Express,recognised,node/1451946902,brand=Esso Express | name=Esso Express,62,
69300001,Caluire-et-Cuire,10 Chemin Jean Petit,4.9,Auchan,recognised,way/50234751,brand=Auchan,9,
69008008,LYON,86 AVENUE JEAN MERMOZ,4.92,,unmatched,,,,
69100032,Villeurbanne,"112 B, RUE LEON BLUM",5.09,Eni,recognised,node/1789602613,brand=Eni | name=Eni Villeurbanne Blum,34,
69500011,Bron,250 ROUTE DE GENAS,5.16,Avia,recognised,node/280707164,brand=Avia | operator=Avia | name=Avia,30,
69132001,ÉCULLY,Avenue du Bon Pasteur,5.22,Carrefour,recognised,way/61912271,brand=Carrefour | name=Carrefour,103,
69500008,BRON,16 AV F ROOSEVELT,5.37,Total Access,recognised,node/7504154439,brand=Total Access,0,
69600004,Oullins,21 Grande Rue d'Oullins,5.39,Avia,recognised,way/74004877,brand=Avia | name=Avia xpress,46,
69340002,Francheville,42 Avenue du Chater,5.49,Esso,recognised,node/35729390,brand=Esso | operator=Esso | name=Esso,89,
69410006,CHAMPAGNE-AU-MONT-D'OR,3 AVE GENERAL DE GAULLE,5.55,TotalEnergies,recognised,way/866399023,brand=TotalEnergies | name=Total Access,59,1
69200008,Vénissieux,Rue Charles BAUDELAIRE,5.56,E.Leclerc,recognised,node/3274572017,brand=E.Leclerc | operator=E. Leclerc | name=Leclerc Vénissieux,79,
69410007,Champagne-au-Mont-d'Or,AV. DU GENERAL DE GAULLE - D 30,5.58,TotalEnergies,recognised,way/866399023,brand=TotalEnergies | name=Total Access,41,
69130005,Écully,"11, Avenue Guy de Collongue",5.59,TotalEnergies,recognised,node/1462134678,brand=TotalEnergies | operator=Total | name=TotalEnergies,5,
69340001,FRANCHEVILLE,AVENUE DU CHATER,5.71,Carrefour,recognised,way/118163398,brand=Carrefour | operator=Carrefour | name=Station Carrefour Francheville,46,
69600002,Oullins,141 Boulevard Émile Zola,5.73,Intermarché,recognised,way/73382794,brand=Intermarché | name=Intermarché,34,
69500012,BRON,296 ROUTE DE GENAS,5.89,Intermarché,recognised,node/280706506,brand=Station service intermarché | operator=Casino | name=Station service intermarché,12,
69200001,VéNISSIEUX,BD JOLIOT CURIE,5.91,Carrefour,recognised,node/1796454751,brand=Carrefour | operator=Carrefour | name=Carrefour,2,
69160003,Tassin-la-Demi-Lune,50 Avenue du 11 Novembre 1918,5.95,Esso Express,recognised,node/618840095,brand=Esso Express | operator=Esso Express | name=Esso Express Tassin la Demi-Lune,77,
69500009,BRON,BD LAURENT BONNEVAY,6.05,Total Access,recognised,node/25209679,brand=TotalÉnergies Access | operator=Total,17,
69100022,VILLEURBANNE,283 RTE DE GENAS,6.17,TotalEnergies,recognised,node/280707135,brand=TotalEnergies | operator=Total | name=Total,22,
69120013,Vaulx-en-Velin,AVE GABRIEL PERI/ RUE P.TESTE,6.17,Eni,recognised,node/7504049967,brand=Eni | name=Eni,1,
69190010,ST FONS,RN 383 BRD PIERRE SEMARD,6.36,BP,recognised,node/5567701628,brand=BP | name=BP Saint-Fons - P. Herriot,19,
69140006,Rillieux-la-Pape,140 Rue du Companet,6.39,E.Leclerc,recognised,node/4870640586,brand=E.Leclerc,226,
69190001,SAINT-FONS,2 place des 4 chemins,6.4,Carrefour,recognised,way/79230367,brand=Carrefour,104,
69500013,BRON,142/144 AVENUE FRANKLIN ROOSEVELT,6.63,Intermarché,recognised,way/124870782,brand=Intermarché | name=Intermarché,5,
69270004,Fontaines-sur-Saône,"46, AV.DES MARRONNIERS",6.68,TotalEnergies,recognised,node/2105391183,brand=TotalEnergies | name=TotalEnergies,26,
69260012,Charbonnières-les-Bains,80 ROUTE DE PARIS,6.78,Eni,recognised,node/1694646525,brand=Eni | operator=ENI | name=Eni,14,
69260011,CHARBONNIERES,50-51 ROUTE DE PARIS,7.01,Eni,recognised,node/1820529489,brand=Eni | operator=Eni | name=Eni Charbonnières Est,38,
69200005,Vénissieux,112 Boulevard Irène Joliot-Curie,7.04,Esso Express,recognised,way/297766248,brand=Esso Express | operator=Esso | name=Esso Express,71,
69120011,Vaulx-en-Velin,57 Avenue de Bohlen,7.09,TotalEnergies,recognised,way/148616489,brand=Total | name=Total,32,
69570005,DARDILLY,AUTOROUTE A6 - AIRE DE BRUYÈRES PAISY,7.15,TotalEnergies,recognised,node/25212791,brand=TotalEnergies | operator=Total | name=Total Access,2,
69310004,Pierre-Bénite,126 BOULEVARD DE L EUROPE,7.25,,unmatched,,,,
69140005,RILLIEUX-LA-PAPE,2489 Route de Strasbourg,7.29,Carrefour,recognised,node/4870640585,brand=Carrefour | name=Carrefour,246,
69200007,VENISSIEUX,61 Avenue de la République,7.34,Esso,recognised,node/25210161,brand=Esso | name=Esso,114,
69230005,Saint-Genis-Laval,66 RUE GEORGES CLEMENCEAU,7.55,Esso,recognised,node/1036270729,brand=Esso | operator=Carrefour Express | name=Esso,23,
69290003,CRAPONNE,26 Avenue Édouard Millaud,7.59,Esso,recognised,way/66669498,brand=Esso | operator=Esso | name=Esso,26,
69290001,Craponne,15 Avenue Édouard Millaud,7.59,Esso,recognised,way/66669498,brand=Esso | operator=Esso | name=Esso,26,1
69310003,Pierre-Bénite,145 Boulevard de l'Europe,7.6,Esso Express,recognised,node/12443862051,brand=Esso Express | operator=Esso | name=Esso Express,19,
69210002,Vaulx-en-Velin,236 avenue Franklin Roosevelt,7.6,Carrefour,recognised,node/243228048,operator=Carrefour,20,
69120012,Vaulx-en-Velin,55 AV GARIBALDI,7.75,Garibaldi Automobiles,raw,node/3274581767,name=Garibaldi Automobiles,2,
69190009,Saint Fons,130 Boulevard Yves Farges,7.89,Eni,recognised,node/5567701017,brand=Eni | operator=Eni | name=Eni,1,
69190012,Saint-Fons,154 boulevard Yves Farge,8.12,TotalEnergies,recognised,way/327529028,brand=TotalEnergies | operator=Total Energies | name=Total Energies,10,
69570002,DARDILLY,AIRE PORTE DE LYON,8.24,,unmatched,,,,
69571001,Dardilly,23 Avenue de la Porte de Lyon,8.33,Auchan,recognised,node/144698270,brand=Auchan | operator=Auchan | name=Auchan,10,
69803001,Saint-Priest,BLD. André Boulloche BP 341,8.42,Auchan,recognised,way/83857284,brand=Auchan | operator=Auchan | name=Centre commercial Porte-des-Alpes,49,
69540001,Irigny,Rue du Chateau d'Yvours,8.49,Carrefour Market,recognised,node/3867026425,brand=Carrefour Market,188,
69270002,Rochetaillée-sur-Saône,261 Quai Pierre Dupont,8.78,Intermarché,recognised,node/3118660119,brand=Intermarché | name=Intermarché,18,
69200009,VENISSIEUX,RTE DE CORBAS - RD 57,9.28,TotalEnergies,recognised,node/3100755985,brand=Total | name=Total,30,
69800015,Saint-Priest,32 ROUTE DE LYON,9.51,TotalEnergies,recognised,node/3135247241,brand=Total | name=Relais Saint-Priest les Brigoudes,18,
69680003,CHASSIEU,28 Route de Lyon,9.81,Intermarché,recognised,node/12780098927,brand=Intermarché | name=Intermarché,124,
69230001,SAINT-GENIS-LAVAL,Les basses barolles,10.04,Auchan,recognised,node/25212280,brand=Auchan | operator=Auchan Saint-Genis-Laval | name=Auchan Saint-Genis-Laval,56,
69250008,Fleurieu-sur-Saône,Route de Lyon,10.12,Eni,recognised,node/9481688790,brand=Eni | name=Eni,15,
69800019,Saint-Priest,248 ROUTE DE GRENOBLE,10.41,Total Access,recognised,node/6003231164,brand=Total Access | name=Relais Saint-Priest Mi-Plaine 2,0,
69800014,Saint-Priest,RN 6- ROUTE DE GRENOBLE,10.42,Total Access,recognised,node/1875211955,brand=Total Access | name=Relais Saint-Priest Mi-Plaine,11,
69150001,Décines-Charpieu,328 Avenue Jean Jaurès,10.46,Esso Express,recognised,node/3274581768,brand=Esso Express | name=Esso Express,60,
69320008,FEYZIN,18 rue du 11 Novembre,10.55,TotalEnergies,recognised,node/4387467546,brand=TotalEnergies | name=Total,5,
69126001,Brindas,369 Route Neuve,11.01,Renault,raw,node/4937644557,brand=Renault | operator=Garage Brossard | name=Renault Express 24h/24,53,
69680002,CHASSIEU,44 Route de Genas,11.06,Carrefour Market,recognised,way/84224846,brand=Carrefour Market | operator=Carrefour | name=Carrefour Market,71,
69150004,Décines-Charpieu,397 avenue jean jaures,11.23,TotalEnergies,recognised,node/25212541,brand=TotalEnergies | name=TotalEnergies,35,
69800010,SAINT-PRIEST,13 Bd Edouard HERRIOT,11.25,Carrefour Market,recognised,way/177593455,brand=Carrefour Market | operator=Carrefour Market | name=Station Carrefour Market Saint-Priest,9,
69290002,Grézieu-la-Varenne,Avenue Benoît Launay,11.44,E.Leclerc,recognised,way/133552838,brand=E.Leclerc | operator=E. Leclerc | name=Station service E. Leclerc,21,
69960006,Corbas,51 avenue Gabriel Péri,11.64,TotalEnergies,recognised,node/9333931301,brand=Total Contact,39,
69882001,Meyzieu,rue de la République,11.75,E.Leclerc,recognised,way/116483939,brand=E.Leclerc | operator=E. Leclerc | name=Station service E. Leclerc,111,
69250009,Neuville-sur-Saône,28 AVENUE BURDEAU,12.01,TotalEnergies,recognised,node/3118660122,brand=TotalEnergies | name=TotalEnergies,48,
69330003,Meyzieu,49 Avenue de Verdun,12.12,Esso,recognised,way/122781108,brand=Esso | name=Esso,61,
69800016,Saint-Priest,72 ROUTE D'HEYRIEUX,12.13,TotalEnergies,recognised,way/83943276,operator=Total Market | name=TotalEnergies,54,
69740002,Genas,22 ROUTE DE LYON,12.35,Esso,recognised,node/7502853216,brand=Esso | name=Esso,43,
69530002,Brignais,213 Rue Général de Gaulle,12.42,Carrefour Contact,recognised,node/5000597834,brand=Carrefour Contact | name=Carrefour Contact,77,
69360011,Saint-Symphorien-d'Ozon,AUTOROUTE A7 - AIRE DE SOLAIZE,12.45,TotalEnergies,recognised,node/25214548,brand=Total | operator=Total | name=Station Service Total Access,33,
1700005,MIRIBEL,RUE DU FIGUIER,12.64,Carrefour,recognised,node/7183794921,brand=Carrefour | name=Carrefour,49,
69390001,CHARLY,129 Rue de la Mûre,12.67,TotalEnergies,recognised,way/126124938,brand=Total | name=Total,38,
69800013,Saint-Priest,"AUTOROUTE A43, AIRE DE MANISSIEUX",12.76,,unmatched,,,,
69800018,Saint-Priest,119 Route d'Heyrieux,12.81,Esso,recognised,node/25213955,brand=Esso | operator=Esso | name=ESSO Saint-Priest Heyrieux,85,
69800012,Saint-Priest,"AUTOROUTE A43, AIRE DE SAINT PRIEST",12.94,BP,recognised,node/25210081,brand=BP | operator=BP | name=Station Service BP,68,
69670002,VAUGNERAY,61 Route de Bordeaux,13.11,Esso,recognised,way/128624686,brand=Esso | name=Esso,60,
69330005,MEYZIEU,80 Rue Joseph Desbois,13.28,Intermarché,recognised,way/116483079,brand=Intermarché | operator=Groupement des Mousquetaires | name=Intermarché,92,
1700003,Miribel,RN 83,13.29,Esso,recognised,node/918837069,brand=Esso | operator=Esso | name=Esso Express Les Échets,94,
69800017,Saint-Priest,91 RTE DE GRENOBLE,13.48,Total Access,recognised,node/25178719,brand=Total Access | operator=Total | name=Relais Total de Saint-Hubert,157,
69390008,VOURLES,Rn.86 Les Sept Chemins - Avenue du Général Brosset,13.5,TotalEnergies,recognised,node/1325303896,brand=TotalEnergies | name=TotalEnergies,7,
69390007,VOURLES,RN 86 - LES SEPT CHEMINS,13.56,Eni,recognised,node/1759913543,brand=Eni | operator=Eni | name=Eni,1,
69330001,MEYZIEU,Rue de la République,13.68,Carrefour Market,recognised,node/4287222089,brand=Carrefour Market | name=Carrefour Market,104,
69390005,Vernaison,641 route de Givors,13.71,Super U,recognised,node/8514805688,brand=Système U | name=Système U,27,
69510004,Messimy,104 ROUTE DES MONTS DU LYONNAIS,13.87,Esso,recognised,node/5000635320,brand=Esso | name=Esso,214,
69380007,LISSIEU,Chemin de Montluzin,13.99,Avia,recognised,node/1505086037,brand=Avia | operator=Avia | name=Avia,19,
1390011,MIONNAY,AIRE DE MIONNAY OUEST,14.24,Shell,recognised,way/971163622,brand=Shell | name=Shell,30,
69730002,GENAY,Rue Ampère,14.38,E.Leclerc,recognised,way/621596262,brand=E.Leclerc | name=Station E. Leclerc,75,
1700004,BEYNOST,ZAC des Baterses,14.42,,unmatched,,,,
69380004,CIVRIEUX-D'AZERGUES,473 Route de la Vallée,14.45,E.Leclerc,recognised,way/136410517,brand=E.Leclerc | operator=E. Leclerc | name=Station service E. Leclerc,27,
69360015,Saint-Symphorien-d'Ozon,ROUTE DE CORBAS CD 148,14.47,Total Access,recognised,node/4387467543,brand=Total Access | name=Relais de l'Ozon,90,
69970001,CHAPONNAY,"85, Avenue de Chaponnay - Parc d'activité de la vallée de l'Ozon",14.52,E.Leclerc,recognised,way/421598158,brand=E. Leclerc | operator=E. Leclerc | name=Station service E. Leclerc,44,
69510002,MESSIMY,Route des Monts du Lyonnais,14.54,,unmatched,,,,
69210009,LENTILLY,RN 7 LE GRAND CHEMIN,14.6,Avia,recognised,node/1275639637,brand=Avia | operator=Avia | name=Avia,15,
1390009,MIONNAY,AIRE DE MIONNAY EST CHATANAYAUTOROUTE A 46,14.62,Eni,recognised,way/78170655,brand=Eni | name=Eni,6,
69360018,SEREZIN DU RHONE,A7 AIRE DE SEREZIN DU RHONE,14.85,Avia,recognised,node/4332360356,brand=Avia | operator=Avia | name=Avia,39,
