id,fuel,debut,fin
1390004,E85,2010-10-19,
1390004,SP95,2009-12-10,
1390008,SP95,2017-02-08,
1390009,GPLc,2019-09-03,
1390011,E85,2019-09-02,
1390011,GPLc,2019-09-02,
1390011,Gazole,2022-11-14,
1390011,SP95,2019-09-02,
1700003,SP95,2010-09-22,
1700004,E10,2025-01-04,2025-01-06
1700004,E10,2025-01-11,2025-01-13
1700004,E10,2025-01-18,2025-01-20
1700004,E10,2025-01-25,2025-01-27
1700004,E10,2025-02-01,2025-02-03
1700004,E10,2025-02-08,2025-02-10
1700004,E10,2025-02-15,2025-02-17
1700004,E10,2025-02-22,2025-02-24
1700004,E10,2025-03-01,2025-03-03
1700004,E10,2025-03-08,2025-03-10
1700004,E10,2025-03-15,2025-03-17
1700004,E10,2025-03-22,2025-03-24
1700004,E10,2025-03-29,2025-03-31
1700004,E10,2025-04-05,2025-04-07
1700004,E10,2025-04-12,2025-04-15
1700004,E10,2025-04-19,2025-04-22
1700004,E10,2025-04-26,2025-04-28
1700004,E10,2025-04-29,2025-04-29
1700004,E10,2025-05-03,2025-05-05
1700004,E10,2025-05-10,2025-05-12
1700004,E10,2025-05-17,2025-05-19
1700004,E10,2025-05-24,2025-05-26
1700004,E10,2025-05-31,2025-06-02
1700004,E10,2025-06-07,2025-06-10
1700004,E10,2025-06-14,2025-06-16
1700004,E10,2025-06-21,2025-06-23
1700004,E10,2025-06-28,2025-06-30
1700004,E10,2025-06-30,2025-07-01
1700004,E10,2025-07-05,2025-07-07
1700004,E10,2025-07-12,2025-07-15
1700004,E10,2025-07-19,2025-07-21
1700004,E10,2025-07-26,2025-07-28
1700004,E10,2025-08-02,2025-08-05
1700004,E10,2025-08-09,2025-08-11
1700004,E10,2025-08-16,2025-08-18
1700004,E10,2025-08-19,2025-08-19
1700004,E10,2025-08-23,2025-08-25
1700004,E10,2025-09-06,2025-09-08
1700004,E10,2025-09-13,2025-09-15
1700004,E10,2025-09-20,2025-09-22
1700004,E10,2025-09-27,2025-09-29
1700004,E10,2025-10-04,2025-10-06
1700004,E10,2025-10-11,2025-10-13
1700004,E10,2025-10-18,2025-10-20
1700004,E10,2025-10-25,2025-10-27
1700004,E10,2025-11-01,2025-11-03
1700004,E10,2025-11-08,2025-11-10
1700004,E10,2025-11-15,2025-11-17
1700004,E10,2025-11-22,2025-11-24
1700004,E10,2025-11-29,2025-12-01
1700004,E10,2025-12-06,2025-12-08
1700004,E10,2025-12-13,2025-12-15
1700004,E10,2025-12-20,2025-12-22
1700004,E10,2025-12-27,2025-12-29
1700004,E10,2026-01-03,2026-01-05
1700004,E10,2026-01-11,2026-01-12
1700004,E10,2026-01-17,2026-01-19
1700004,E10,2026-01-24,2026-01-26
1700004,E10,2026-01-31,2026-02-07
1700004,E10,2026-02-07,2026-02-09
1700004,E10,2026-02-12,2026-02-12
1700004,E10,2026-02-14,2026-02-16
1700004,E10,2026-02-21,2026-02-23
1700004,E10,2026-03-03,2026-03-03
1700004,E10,2026-03-05,2026-03-06
1700004,E10,2026-03-07,2026-03-09
1700004,E10,2026-03-14,2026-03-16
1700004,E10,2026-03-21,2026-03-23
1700004,E10,2026-03-28,2026-03-30
1700004,E10,2026-04-04,2026-04-07
1700004,E10,2026-04-11,2026-04-13
1700004,E10,2026-04-18,2026-04-20
1700004,E10,2026-04-25,2026-04-27
1700004,E10,2026-05-03,2026-05-04
1700004,E10,2026-05-09,2026-05-11
1700004,E10,2026-05-24,2026-05-26
1700004,E10,2026-05-30,2026-05-30
1700004,E10,2026-06-06,2026-06-08
1700004,E10,2026-06-13,2026-06-15
1700004,E10,2026-06-21,2026-06-22
1700004,E10,2026-06-27,2026-06-29
1700004,E10,2026-07-04,2026-07-06
1700004,E10,2026-07-11,2026-07-13
1700004,E10,2026-07-19,2026-07-20
1700004,E10,2026-07-25,2026-07-27
1700004,E10,2026-08-16,2026-08-17
1700004,E10,2026-08-22,2026-08-24
1700004,E10,2026-09-12,2026-09-14
1700004,E85,2026-02-21,2026-02-23
1700004,GPLc,2025-08-13,2025-08-22
1700004,GPLc,2025-11-15,2025-11-18
1700004,GPLc,2026-02-19,2026-02-21
1700004,GPLc,2026-05-10,2026-05-13
1700004,GPLc,2026-05-14,2026-06-03
1700004,GPLc,2026-06-03,2026-06-07
1700004,GPLc,2026-08-20,2026-09-10
1700005,E10,2025-06-16,2025-06-16
1700005,E10,2025-07-01,2025-07-02
1700005,E10,2025-07-07,2025-07-09
1700005,E10,2025-07-16,2025-07-17
1700005,E10,2025-07-30,2025-07-30
1700005,E10,2025-08-04,2025-08-05
1700005,E10,2025-08-19,2025-08-20
1700005,E10,2025-08-30,2025-09-01
1700005,E10,2025-09-15,2025-09-15
1700005,E10,2025-09-23,2025-09-25
1700005,E10,2025-09-30,2025-09-30
1700005,E10,2025-10-13,2025-10-14
1700005,E10,2025-10-18,2025-10-20
1700005,E10,2025-11-01,2025-11-04
1700005,E10,2025-11-22,2025-11-24
1700005,E10,2025-11-26,2025-11-28
1700005,E10,2025-12-03,2025-12-05
1700005,E10,2026-02-01,2026-02-03
1700005,E10,2026-02-08,2026-02-10
1700005,E10,2026-02-25,2026-02-26
1700005,E10,2026-03-05,2026-03-06
1700005,E10,2026-03-22,2026-03-26
1700005,E10,2026-04-06,2026-04-08
1700005,E10,2026-04-22,2026-04-23
1700005,E10,2026-04-27,2026-04-30
1700005,E10,2026-06-01,2026-06-03
1700005,E10,2026-06-12,2026-06-15
1700005,E10,2026-07-30,2026-08-01
1700005,E85,2025-07-07,2025-07-07
1700005,E85,2025-07-31,2025-08-01
1700005,E85,2026-02-01,2026-02-02
1700005,GPLc,2025-07-06,
1700005,Gazole,2025-12-04,2025-12-05
1700005,Gazole,2026-03-05,2026-03-06
1700005,SP95,2025-06-14,2025-06-16
1700005,SP95,2025-07-04,2025-07-04
1700005,SP95,2025-07-08,2025-07-09
1700005,SP95,2025-07-16,2025-07-17
1700005,SP95,2025-08-04,2025-08-05
1700005,SP95,2025-08-30,2025-09-01
1700005,SP95,2025-09-08,2025-09-09
1700005,SP95,2025-09-15,2025-09-15
1700005,SP95,2025-09-30,2025-09-30
1700005,SP95,2025-10-13,2025-10-14
1700005,SP95,2025-10-18,2025-10-20
1700005,SP95,2025-11-01,2025-11-04
1700005,SP95,2025-11-17,2025-11-18
1700005,SP95,2025-11-27,2025-11-28
1700005,SP95,2025-12-04,2025-12-05
1700005,SP95,2026-01-12,2026-01-13
1700005,SP95,2026-02-01,2026-02-03
1700005,SP95,2026-03-05,2026-03-06
1700005,SP95,2026-04-06,2026-04-08
1700005,SP95,2026-04-22,2026-04-23
1700005,SP95,2026-05-29,2026-05-29
1700005,SP95,2026-06-07,2026-06-08
1700005,SP98,2025-06-16,2025-06-16
1700005,SP98,2025-11-04,2025-11-07
1700005,SP98,2025-11-27,2025-11-28
1700005,SP98,2025-12-08,2025-12-09
1700005,SP98,2026-02-01,2026-02-02
1700005,SP98,2026-03-03,2026-03-06
69002001,SP95,2010-01-18,
69002005,SP98,2016-07-20,
69003005,SP95,2011-05-30,
69003009,E85,2017-09-25,
69003009,SP98,2018-10-04,
69003010,E85,2017-09-25,
69003010,GPLc,2017-01-27,
69003010,SP98,2014-03-24,
69003011,E10,2015-06-29,
69003011,SP95,2011-05-30,
69003011,SP98,2015-06-29,
69003012,E85,2019-10-28,
69003012,GPLc,2019-10-28,
69003012,SP98,2019-11-19,
69003013,E85,2020-12-21,
69003013,SP98,2020-12-21,
69004002,E10,2025-09-09,2025-09-10
69004002,E10,2025-11-17,2025-11-17
69004002,E10,2026-03-02,2026-03-03
69004002,SP95,2010-10-06,
69004002,SP98,2025-09-09,2025-09-10
69004002,SP98,2025-11-17,2025-11-18
69004002,SP98,2025-11-30,2025-12-01
69004008,E85,2017-12-28,
69004008,GPLc,2017-12-27,
69004008,SP95,2017-12-04,
69004009,SP95,2010-05-18,
69004010,SP95,2011-01-23,
69004010,SP98,2016-07-20,
69004011,E85,2010-10-26,
69004011,GPLc,2010-10-26,
69004011,SP95,2010-10-07,
69004016,E85,2022-10-21,
69004016,GPLc,2022-10-21,
69004016,SP95,2022-10-21,
69004018,E85,2021-04-08,
69004018,GPLc,2021-04-08,
69004018,SP95,2021-04-08,
69004019,E85,2022-10-21,
69004019,GPLc,2022-10-21,
69004019,SP95,2022-10-21,
69004019,SP98,2023-02-07,
69004020,GPLc,2024-12-05,
69004020,SP95,2024-12-05,
69005001,E10,2015-01-01,
69005001,E85,2017-09-25,
69005001,GPLc,2014-07-17,
69005002,E85,2015-12-10,
69005002,GPLc,2015-12-10,
69005002,SP95,2010-07-15,
69005003,SP98,2016-07-20,
69005005,E10,2021-01-10,
69005005,GPLc,2021-01-10,
69007001,E85,2009-08-28,
69007001,GPLc,2011-01-01,
69007001,SP95,2014-01-22,
69007001,SP98,2012-12-19,
69007002,E10,2016-05-19,
69007002,E85,2016-05-19,
69007003,E85,2011-08-01,
69007003,GPLc,2011-08-01,
69007003,SP95,2011-05-31,
69007004,E85,2014-03-12,
69007004,SP95,2011-05-30,
69007005,E85,2011-08-04,
69007005,GPLc,2003-12-01,
69007005,SP95,2011-06-13,
69007006,E10,2026-04-04,2026-04-08
69007006,E10,2026-04-12,2026-04-13
69007006,E10,2026-04-29,2026-05-02
69007006,E10,2026-05-06,2026-05-09
69007006,E10,2026-05-11,2026-05-13
69007006,E10,2026-05-15,2026-05-16
69007006,E10,2026-05-18,2026-05-23
69007006,E10,2026-05-25,2026-05-30
69007006,E10,2026-05-30,2026-06-02
69007006,E10,2026-06-08,2026-06-08
69007006,E10,2026-08-02,2026-08-03
69007006,E10,2026-08-19,2026-08-29
69007006,E10,2026-08-31,2026-09-06
69007006,E10,2026-09-06,2026-09-08
69007006,E10,2026-09-13,2026-09-15
69007006,E85,2026-04-07,2026-04-08
69007006,E85,2026-05-06,2026-05-09
69007006,E85,2026-05-13,2026-05-30
69007006,E85,2026-08-27,2026-09-06
69007006,E85,2026-09-13,2026-09-13
69007006,GPLc,2018-11-27,
69007006,Gazole,2026-04-03,2026-04-08
69007006,Gazole,2026-04-10,2026-04-10
69007006,Gazole,2026-04-12,2026-04-13
69007006,Gazole,2026-05-04,2026-05-06
69007006,Gazole,2026-05-07,2026-05-09
69007006,Gazole,2026-05-11,2026-05-13
69007006,Gazole,2026-05-21,2026-05-23
69007006,Gazole,2026-05-29,2026-05-30
69007006,Gazole,2026-08-27,2026-08-29
69007006,Gazole,2026-08-31,2026-09-06
69007006,SP95,2018-11-27,
69007006,SP98,2026-04-03,2026-04-08
69007006,SP98,2026-04-09,2026-04-10
69007006,SP98,2026-04-11,2026-04-13
69007006,SP98,2026-04-23,2026-04-27
69007006,SP98,2026-04-27,2026-05-02
69007006,SP98,2026-05-03,2026-05-09
69007006,SP98,2026-05-11,2026-05-30
69007006,SP98,2026-06-01,2026-06-02
69007006,SP98,2026-06-04,2026-06-04
69007006,SP98,2026-06-07,2026-06-12
69007006,SP98,2026-08-02,2026-08-03
69007006,SP98,2026-08-11,2026-08-13
69007006,SP98,2026-08-18,2026-09-06
69007006,SP98,2026-09-06,2026-09-08
69007006,SP98,2026-09-11,2026-09-11
69007006,SP98,2026-09-13,2026-09-15
69007007,E10,2023-03-24,
69007007,E85,2023-03-24,
69007007,GPLc,2023-03-24,
69007007,Gazole,2023-03-24,
69007007,SP95,2023-03-24,
69007007,SP98,2023-03-24,
69007008,E10,2025-06-09,2025-06-10
69007008,E10,2026-04-05,2026-04-08
69007008,E10,2026-04-15,2026-04-21
69007008,E10,2026-05-01,2026-05-02
69007008,E10,2026-05-04,2026-05-05
69007008,E10,2026-05-08,2026-05-09
69007008,E10,2026-05-24,2026-05-26
69007008,E85,2026-04-05,2026-04-07
69007008,E85,2026-05-08,2026-05-09
69007008,GPLc,2025-06-09,2025-06-10
69007008,GPLc,2026-04-05,2026-04-13
69007008,GPLc,2026-05-02,2026-05-05
69007008,GPLc,2026-05-27,2026-06-09
69007008,Gazole,2026-04-05,2026-04-07
69007008,Gazole,2026-04-07,2026-04-08
69007008,SP95,2021-12-29,
69007008,SP98,2025-06-09,2025-06-10
69007008,SP98,2026-04-05,2026-04-08
69007008,SP98,2026-04-08,2026-04-13
69007008,SP98,2026-05-01,2026-05-02
69007008,SP98,2026-05-04,2026-05-05
69007008,SP98,2026-05-23,2026-05-26
69007008,SP98,2026-05-26,2026-05-27
69007009,E10,2025-08-21,2025-08-25
69007009,E10,2026-04-05,2026-04-05
69007009,E10,2026-05-27,2026-05-27
69007009,E10,2026-09-14,2026-09-15
69007009,E10,2026-09-16,2026-09-16
69007009,E85,2023-03-23,2026-09-14
69007009,GPLc,2023-03-23,2026-09-14
69007009,Gazole,2026-04-05,2026-04-07
69007009,SP95,2023-03-23,2026-04-13
69007009,SP95,2026-04-13,2026-05-02
69007009,SP95,2026-05-27,2026-09-15
69007009,SP98,2026-04-05,2026-04-05
69007009,SP98,2026-04-07,2026-04-13
69007009,SP98,2026-05-02,2026-05-19
69007009,SP98,2026-05-23,2026-05-26
69007009,SP98,2026-05-27,2026-05-29
69007009,SP98,2026-08-29,2026-08-31
69007009,SP98,2026-09-12,2026-09-16
69007009,SP98,2026-09-17,
69007010,SP95,2015-10-15,
69007012,E10,2020-12-18,
69007012,E85,2020-12-18,
69007012,GPLc,2025-10-03,2025-11-18
69008002,Gazole,2010-09-14,
69008002,SP95,2010-09-14,
69008004,Gazole,2011-01-04,
69008004,SP95,2011-01-04,
69008005,E85,2013-09-16,
69008005,SP95,2012-02-22,
69008006,E85,2014-05-02,
69008006,GPLc,2014-05-03,
69008006,SP95,2011-06-08,
69008007,E10,2026-04-09,2026-04-11
69008007,E10,2026-04-12,2026-04-14
69008007,E10,2026-04-20,2026-04-20
69008007,E10,2026-05-02,2026-05-02
69008007,E10,2026-05-05,2026-05-06
69008007,E10,2026-05-24,2026-05-26
69008007,E10,2026-05-26,2026-05-28
69008007,E10,2026-05-30,2026-06-01
69008007,E10,2026-06-07,2026-06-08
69008007,E10,2026-06-22,2026-06-22
69008007,E10,2026-06-29,2026-07-02
69008007,E10,2026-09-06,2026-09-07
69008007,E10,2026-09-07,2026-09-09
69008007,E10,2026-09-13,2026-09-14
69008007,E85,2026-04-08,2026-04-14
69008007,E85,2026-04-22,2026-04-23
69008007,E85,2026-04-27,2026-04-28
69008007,E85,2026-05-01,2026-05-03
69008007,E85,2026-05-05,2026-05-07
69008007,E85,2026-05-08,2026-05-21
69008007,E85,2026-05-22,2026-06-05
69008007,E85,2026-06-07,2026-06-08
69008007,E85,2026-09-06,2026-09-07
69008007,GPLc,2018-12-05,
69008007,Gazole,2026-04-07,2026-04-08
69008007,Gazole,2026-04-10,2026-04-11
69008007,Gazole,2026-04-12,2026-04-14
69008007,Gazole,2026-04-24,2026-04-27
69008007,Gazole,2026-04-27,2026-04-27
69008007,Gazole,2026-05-02,2026-05-03
69008007,SP95,2018-12-05,
69008007,SP98,2026-04-07,2026-04-08
69008007,SP98,2026-04-09,2026-04-11
69008007,SP98,2026-04-12,2026-04-14
69008007,SP98,2026-04-24,2026-04-27
69008007,SP98,2026-04-28,2026-04-29
69008007,SP98,2026-04-29,2026-05-03
69008007,SP98,2026-05-05,2026-05-06
69008007,SP98,2026-05-06,2026-05-07
69008007,SP98,2026-05-07,2026-05-09
69008007,SP98,2026-05-09,2026-05-10
69008007,SP98,2026-05-10,2026-05-11
69008007,SP98,2026-05-11,2026-05-15
69008007,SP98,2026-05-16,2026-05-18
69008007,SP98,2026-05-19,2026-05-20
69008007,SP98,2026-05-21,2026-05-22
69008007,SP98,2026-05-22,2026-05-26
69008007,SP98,2026-05-26,2026-05-28
69008007,SP98,2026-05-29,2026-06-01
69008007,SP98,2026-06-07,2026-06-08
69008007,SP98,2026-06-29,2026-07-02
69008007,SP98,2026-08-02,2026-08-03
69008007,SP98,2026-08-16,2026-08-17
69008007,SP98,2026-08-19,2026-08-19
69008007,SP98,2026-08-20,2026-08-21
69008007,SP98,2026-08-22,2026-08-24
69008007,SP98,2026-08-25,2026-08-26
69008007,SP98,2026-08-28,2026-08-28
69008007,SP98,2026-08-31,2026-09-01
69008007,SP98,2026-09-04,2026-09-08
69008007,SP98,2026-09-09,2026-09-09
69008007,SP98,2026-09-11,2026-09-11
69008007,SP98,2026-09-13,2026-09-14
69008007,SP98,2026-09-14,2026-09-16
69008007,SP98,2026-09-17,
69008008,E10,2025-02-14,2025-09-12
69008008,E10,2026-04-03,2026-04-08
69008008,E10,2026-04-08,2026-04-09
69008008,E10,2026-04-11,2026-04-13
69008008,E10,2026-04-20,2026-04-20
69008008,E10,2026-05-02,2026-05-04
69008008,E10,2026-05-10,2026-05-11
69008008,E10,2026-05-25,2026-05-27
69008008,E10,2026-06-01,2026-06-02
69008008,E10,2026-06-22,2026-06-22
69008008,E10,2026-09-05,2026-09-07
69008008,E10,2026-09-14,2026-09-15
69008008,E10,2026-09-16,2026-09-17
69008008,E85,2018-11-25,
69008008,GPLc,2018-11-25,
69008008,Gazole,2025-02-03,2025-02-03
69008008,Gazole,2025-02-14,2025-09-12
69008008,Gazole,2026-03-30,2026-03-31
69008008,Gazole,2026-04-01,2026-04-02
69008008,Gazole,2026-04-03,2026-04-08
69008008,Gazole,2026-04-08,2026-04-09
69008008,Gazole,2026-04-11,2026-04-13
69008008,Gazole,2026-04-20,2026-04-20
69008008,Gazole,2026-05-05,2026-05-06
69008008,Gazole,2026-05-26,2026-05-27
69008008,SP95,2018-11-25,
69008008,SP98,2025-02-03,2025-02-03
69008008,SP98,2025-02-14,2025-09-12
69008008,SP98,2026-03-30,2026-03-31
69008008,SP98,2026-03-31,2026-04-02
69008008,SP98,2026-04-02,2026-04-08
69008008,SP98,2026-04-08,2026-04-09
69008008,SP98,2026-04-11,2026-04-13
69008008,SP98,2026-04-20,2026-04-20
69008008,SP98,2026-04-24,2026-04-28
69008008,SP98,2026-04-29,2026-05-04
69008008,SP98,2026-05-05,2026-05-06
69008008,SP98,2026-05-09,2026-05-11
69008008,SP98,2026-05-12,2026-05-15
69008008,SP98,2026-05-16,2026-05-18
69008008,SP98,2026-05-23,2026-05-28
69008008,SP98,2026-06-01,2026-06-02
69008008,SP98,2026-06-22,2026-06-22
69008008,SP98,2026-08-25,2026-08-27
69008008,SP98,2026-08-28,2026-08-28
69008008,SP98,2026-09-05,2026-09-07
69008008,SP98,2026-09-08,2026-09-08
69008008,SP98,2026-09-09,2026-09-09
69008008,SP98,2026-09-11,2026-09-11
69008008,SP98,2026-09-14,2026-09-15
69008008,SP98,2026-09-16,2026-09-16
69008009,E85,2025-09-04,
69008009,GPLc,2025-09-04,
69008009,SP95,2025-09-04,
69009001,E85,2010-05-24,
69009001,GPLc,2011-06-22,
69009001,SP95,2011-06-01,
69009003,E10,2025-02-18,2025-02-18
69009003,E10,2025-05-25,2025-05-25
69009003,E10,2025-07-28,2025-07-28
69009003,E10,2025-09-02,2025-09-03
69009003,E10,2025-12-01,2025-12-01
69009003,E10,2026-01-24,2026-01-25
69009003,E10,2026-01-25,2026-01-29
69009003,E10,2026-02-08,2026-02-09
69009003,E10,2026-04-06,2026-04-06
69009003,Gazole,2025-02-19,2025-02-20
69009003,Gazole,2025-05-26,2025-05-27
69009003,Gazole,2026-01-25,2026-01-29
69009003,SP95,2010-09-22,
69009003,SP98,2025-05-26,2025-05-27
69009003,SP98,2025-12-02,2025-12-03
69009003,SP98,2026-01-23,2026-01-29
69009003,SP98,2026-02-07,2026-02-09
69009003,SP98,2026-04-06,2026-04-07
69009005,E85,2013-01-01,
69009005,GPLc,2013-01-01,
69009005,SP95,2011-05-31,
69009006,SP98,2016-07-20,
69009007,E10,2026-04-07,2026-04-07
69009007,E10,2026-04-08,2026-04-08
69009007,E85,2023-03-11,
69009007,GPLc,2023-03-11,
69009007,Gazole,2026-04-07,2026-04-07
69009007,Gazole,2026-04-08,2026-04-08
69009007,Gazole,2026-04-09,2026-04-11
69009007,Gazole,2026-04-13,2026-04-14
69009007,SP95,2018-06-15,
69009007,SP98,2026-04-07,2026-04-07
69009007,SP98,2026-04-08,2026-04-08
69009007,SP98,2026-04-09,2026-04-11
69009007,SP98,2026-04-13,2026-04-14
69009007,SP98,2026-04-15,2026-04-16
69009007,SP98,2026-05-07,2026-06-03
69009008,E10,2025-04-11,2025-07-21
69009008,E10,2026-04-03,2026-04-07
69009008,E10,2026-04-08,2026-04-08
69009008,E10,2026-05-04,2026-05-04
69009008,E10,2026-05-05,2026-05-06
69009008,E10,2026-05-14,2026-05-15
69009008,E10,2026-05-25,2026-05-26
69009008,E10,2026-05-27,2026-05-28
69009008,E10,2026-05-30,2026-06-01
69009008,E10,2026-09-07,2026-09-08
69009008,E10,2026-09-15,2026-09-15
69009008,E85,2025-04-11,2025-07-21
69009008,E85,2026-04-03,2026-04-07
69009008,E85,2026-04-08,2026-04-08
69009008,E85,2026-05-04,2026-05-04
69009008,E85,2026-05-05,2026-05-06
69009008,E85,2026-05-14,2026-05-21
69009008,E85,2026-05-25,2026-05-28
69009008,E85,2026-05-30,2026-06-01
69009008,GPLc,2021-07-07,
69009008,Gazole,2025-04-11,2025-07-21
69009008,Gazole,2026-04-03,2026-04-07
69009008,Gazole,2026-04-08,2026-04-08
69009008,Gazole,2026-05-04,2026-05-04
69009008,Gazole,2026-05-05,2026-05-06
69009008,Gazole,2026-05-15,2026-05-15
69009008,Gazole,2026-05-30,2026-06-01
69009008,Gazole,2026-06-15,2026-06-17
69009008,SP95,2022-09-16,
69009008,SP98,2025-04-11,2025-07-21
69009008,SP98,2026-03-23,2026-03-24
69009008,SP98,2026-04-01,2026-04-02
69009008,SP98,2026-04-03,2026-04-07
69009008,SP98,2026-04-08,2026-04-08
69009008,SP98,2026-04-09,2026-04-09
69009008,SP98,2026-04-17,2026-04-20
69009008,SP98,2026-04-23,2026-04-24
69009008,SP98,2026-04-24,2026-04-27
69009008,SP98,2026-04-28,2026-04-29
69009008,SP98,2026-05-01,2026-05-04
69009008,SP98,2026-05-05,2026-05-07
69009008,SP98,2026-05-08,2026-05-11
69009008,SP98,2026-05-11,2026-05-15
69009008,SP98,2026-05-18,2026-05-28
69009008,SP98,2026-05-30,2026-06-01
69009008,SP98,2026-09-07,2026-09-08
69009008,SP98,2026-09-09,2026-09-14
69009008,SP98,2026-09-15,
69100001,E85,2017-09-07,
69100001,GPLc,2017-09-07,
69100002,E85,2011-07-01,
69100002,GPLc,2011-07-01,
69100002,SP95,2011-07-01,
69100012,SP95,2009-04-23,
69100013,SP98,2016-07-20,
69100015,SP98,2016-07-20,
69100016,E85,2014-01-10,
69100016,GPLc,2014-01-10,
69100016,SP98,2014-01-10,
69100017,SP95,2009-04-22,
69100018,SP95,2011-01-23,
69100018,SP98,2016-07-20,
69100019,SP95,2011-01-23,
69100022,E10,2026-04-01,2026-04-01
69100022,E10,2026-04-03,2026-04-03
69100022,E10,2026-04-04,2026-04-06
69100022,E10,2026-04-06,2026-04-07
69100022,E10,2026-04-07,2026-04-08
69100022,E10,2026-04-08,2026-04-09
69100022,E10,2026-04-09,2026-04-10
69100022,E10,2026-04-11,2026-04-11
69100022,E10,2026-04-12,2026-04-13
69100022,E10,2026-04-13,2026-04-14
69100022,E10,2026-04-17,2026-04-18
69100022,E10,2026-04-20,2026-04-21
69100022,E10,2026-04-21,2026-04-22
69100022,E10,2026-04-22,2026-04-23
69100022,E10,2026-04-26,2026-04-27
69100022,E10,2026-05-02,2026-05-03
69100022,E10,2026-05-04,2026-05-05
69100022,E10,2026-05-05,2026-05-06
69100022,E10,2026-05-06,2026-05-07
69100022,E10,2026-05-07,2026-05-08
69100022,E10,2026-05-08,2026-05-09
69100022,E10,2026-05-09,2026-05-10
69100022,E10,2026-05-11,2026-05-12
69100022,E10,2026-05-12,2026-05-13
69100022,E10,2026-05-13,2026-05-14
69100022,E10,2026-05-14,2026-05-15
69100022,E10,2026-05-15,2026-05-16
69100022,E10,2026-05-18,2026-05-19
69100022,E10,2026-05-19,2026-05-20
69100022,E10,2026-05-20,2026-05-21
69100022,E10,2026-05-22,2026-05-23
69100022,E10,2026-05-23,2026-05-24
69100022,E10,2026-05-24,2026-05-25
69100022,E10,2026-05-25,2026-05-26
69100022,E10,2026-05-26,2026-05-27
69100022,E10,2026-05-27,2026-05-28
69100022,E10,2026-05-28,2026-05-29
69100022,E10,2026-05-29,2026-05-30
69100022,E10,2026-05-30,2026-05-31
69100022,E10,2026-05-31,2026-06-01
69100022,E10,2026-06-01,2026-06-02
69100022,E10,2026-06-02,2026-06-03
69100022,E10,2026-06-03,2026-06-04
69100022,E10,2026-06-06,2026-06-08
69100022,E10,2026-06-08,2026-06-09
69100022,E10,2026-06-12,2026-06-13
69100022,E10,2026-06-13,2026-06-14
69100022,E10,2026-06-14,2026-06-15
69100022,E10,2026-06-15,2026-06-16
69100022,E10,2026-06-20,2026-06-21
69100022,E10,2026-06-21,2026-06-22
69100022,E10,2026-06-27,2026-06-29
69100022,E10,2026-06-29,2026-06-30
69100022,E10,2026-07-12,2026-07-13
69100022,E10,2026-07-18,2026-07-19
69100022,E10,2026-07-19,2026-07-20
69100022,E10,2026-07-24,2026-07-25
69100022,E10,2026-07-25,2026-07-26
69100022,E10,2026-07-26,2026-07-27
69100022,E10,2026-08-08,2026-08-09
69100022,E10,2026-08-28,2026-08-29
69100022,E10,2026-08-29,
69100022,E85,2023-02-10,
69100022,GPLc,2023-02-10,
69100022,Gazole,2026-04-01,2026-04-01
69100022,Gazole,2026-04-03,2026-04-04
69100022,Gazole,2026-04-04,2026-04-06
69100022,Gazole,2026-04-06,2026-04-07
69100022,Gazole,2026-04-07,2026-04-08
69100022,Gazole,2026-04-08,2026-04-09
69100022,Gazole,2026-04-09,2026-04-10
69100022,Gazole,2026-04-11,2026-04-13
69100022,Gazole,2026-04-13,2026-04-14
69100022,Gazole,2026-04-16,2026-04-17
69100022,Gazole,2026-04-17,2026-04-18
69100022,Gazole,2026-04-18,2026-04-19
69100022,Gazole,2026-04-19,2026-04-21
69100022,Gazole,2026-04-21,2026-04-22
69100022,Gazole,2026-04-22,2026-04-23
69100022,Gazole,2026-05-02,2026-05-03
69100022,Gazole,2026-05-04,2026-05-05
69100022,Gazole,2026-05-05,2026-05-06
69100022,Gazole,2026-05-06,2026-05-07
69100022,Gazole,2026-05-07,2026-05-08
69100022,Gazole,2026-05-08,2026-05-09
69100022,Gazole,2026-05-09,2026-05-10
69100022,Gazole,2026-05-10,2026-05-11
69100022,Gazole,2026-05-11,2026-05-12
69100022,Gazole,2026-05-12,2026-05-13
69100022,Gazole,2026-05-16,2026-05-16
69100022,Gazole,2026-05-19,2026-05-20
69100022,Gazole,2026-05-20,2026-05-21
69100022,Gazole,2026-05-22,2026-05-23
69100022,Gazole,2026-05-25,2026-05-25
69100022,Gazole,2026-05-26,2026-05-27
69100022,Gazole,2026-05-27,2026-05-28
69100022,Gazole,2026-05-28,2026-05-29
69100022,Gazole,2026-05-29,2026-05-30
69100022,Gazole,2026-05-30,2026-05-31
69100022,Gazole,2026-05-31,2026-06-01
69100022,Gazole,2026-06-07,2026-06-08
69100022,Gazole,2026-06-08,2026-06-09
69100022,Gazole,2026-06-12,2026-06-13
69100022,Gazole,2026-06-13,2026-06-14
69100022,Gazole,2026-06-14,2026-06-15
69100022,Gazole,2026-06-15,2026-06-16
69100022,Gazole,2026-06-21,2026-06-22
69100022,Gazole,2026-06-27,2026-06-28
69100022,Gazole,2026-06-28,2026-06-29
69100022,Gazole,2026-06-29,2026-06-30
69100022,Gazole,2026-06-30,2026-07-01
69100022,Gazole,2026-07-12,2026-07-13
69100022,Gazole,2026-07-18,2026-07-19
69100022,Gazole,2026-07-19,2026-07-20
69100022,Gazole,2026-07-24,2026-07-25
69100022,Gazole,2026-07-25,2026-07-26
69100022,Gazole,2026-07-26,2026-07-27
69100022,Gazole,2026-08-08,2026-08-09
69100022,Gazole,2026-08-28,2026-08-29
69100022,Gazole,2026-08-29,2026-08-30
69100022,Gazole,2026-08-30,
69100022,SP95,2023-02-10,
69100022,SP98,2026-04-01,2026-04-01
69100022,SP98,2026-04-03,2026-04-04
69100022,SP98,2026-04-04,2026-04-06
69100022,SP98,2026-04-06,2026-04-07
69100022,SP98,2026-04-07,2026-04-07
69100022,SP98,2026-04-08,2026-04-09
69100022,SP98,2026-04-09,2026-04-10
69100022,SP98,2026-04-11,2026-04-11
69100022,SP98,2026-04-13,2026-04-14
69100022,SP98,2026-04-14,2026-04-15
69100022,SP98,2026-04-16,2026-04-18
69100022,SP98,2026-04-18,2026-04-21
69100022,SP98,2026-04-21,2026-04-22
69100022,SP98,2026-04-22,2026-04-23
69100022,SP98,2026-04-23,2026-04-24
69100022,SP98,2026-04-24,2026-04-25
69100022,SP98,2026-04-25,2026-04-27
69100022,SP98,2026-04-27,2026-04-29
69100022,SP98,2026-04-29,2026-04-30
69100022,SP98,2026-04-30,2026-05-02
69100022,SP98,2026-05-02,2026-05-03
69100022,SP98,2026-05-03,2026-05-06
69100022,SP98,2026-05-06,2026-05-07
69100022,SP98,2026-05-07,2026-05-09
69100022,SP98,2026-05-09,2026-05-10
69100022,SP98,2026-05-10,2026-05-11
69100022,SP98,2026-05-11,2026-05-12
69100022,SP98,2026-05-12,2026-05-18
69100022,SP98,2026-05-18,2026-05-20
69100022,SP98,2026-05-20,2026-05-21
69100022,SP98,2026-05-21,2026-05-22
69100022,SP98,2026-05-22,2026-05-23
69100022,SP98,2026-05-23,2026-05-24
69100022,SP98,2026-05-24,2026-05-25
69100022,SP98,2026-05-25,2026-05-28
69100022,SP98,2026-05-28,2026-05-29
69100022,SP98,2026-05-29,2026-05-30
69100022,SP98,2026-05-30,2026-06-01
69100022,SP98,2026-06-01,2026-06-01
69100022,SP98,2026-06-02,2026-06-03
69100022,SP98,2026-06-03,2026-06-04
69100022,SP98,2026-06-04,2026-06-05
69100022,SP98,2026-06-05,2026-06-06
69100022,SP98,2026-06-06,2026-06-08
69100022,SP98,2026-06-08,2026-06-09
69100022,SP98,2026-06-12,2026-06-14
69100022,SP98,2026-06-14,2026-06-15
69100022,SP98,2026-06-15,2026-06-16
69100022,SP98,2026-06-20,2026-06-21
69100022,SP98,2026-06-21,2026-06-22
69100022,SP98,2026-06-26,2026-06-28
69100022,SP98,2026-06-28,2026-06-29
69100022,SP98,2026-06-29,2026-06-30
69100022,SP98,2026-07-12,2026-07-13
69100022,SP98,2026-07-15,2026-07-17
69100022,SP98,2026-07-18,2026-07-20
69100022,SP98,2026-07-20,2026-07-21
69100022,SP98,2026-07-24,2026-07-25
69100022,SP98,2026-07-25,2026-07-27
69100022,SP98,2026-07-27,2026-07-28
69100022,SP98,2026-07-28,2026-07-29
69100022,SP98,2026-07-29,2026-07-30
69100022,SP98,2026-07-30,2026-07-31
69100022,SP98,2026-08-01,2026-08-02
69100022,SP98,2026-08-02,2026-08-04
69100022,SP98,2026-08-04,2026-08-05
69100022,SP98,2026-08-08,2026-08-10
69100022,SP98,2026-08-12,2026-08-14
69100022,SP98,2026-08-15,2026-08-16
69100022,SP98,2026-08-16,2026-08-17
69100022,SP98,2026-08-18,2026-08-19
69100022,SP98,2026-08-19,2026-08-20
69100022,SP98,2026-08-20,2026-08-21
69100022,SP98,2026-08-21,2026-08-22
69100022,SP98,2026-08-22,2026-08-24
69100022,SP98,2026-08-24,2026-08-25
69100022,SP98,2026-08-25,2026-08-26
69100022,SP98,2026-08-26,2026-08-27
69100022,SP98,2026-08-27,
69100023,SP98,2016-07-20,
69100024,SP95,2018-02-02,
69100026,SP98,2016-12-05,
69100027,SP98,2016-12-06,
69100032,E85,2022-10-14,
69100032,GPLc,2022-10-14,
69100032,SP95,2022-10-14,
69110001,E85,2022-11-24,
69110001,GPLc,2022-11-24,
69110001,SP95,2022-11-25,
69110001,SP98,2022-07-28,
69110003,E10,2024-05-31,
69110003,E85,2018-11-29,
69110003,GPLc,2018-11-29,
69110003,Gazole,2024-05-31,
69110003,SP95,2017-12-02,
69110003,SP98,2024-05-31,
69110004,E85,2020-02-27,
69110004,SP95,2017-09-13,
69110006,Gazole,2026-05-11,2026-05-12
69110006,Gazole,2026-07-27,2026-07-27
69110006,Gazole,2026-08-27,2026-09-01
69110006,Gazole,2026-09-10,2026-09-14
69110006,Gazole,2026-09-17,
69110006,SP95,2026-05-06,2026-05-07
69110006,SP95,2026-05-11,2026-05-12
69110006,SP95,2026-05-13,2026-05-18
69110006,SP95,2026-05-20,2026-05-21
69110006,SP95,2026-05-27,2026-06-01
69110006,SP95,2026-06-04,2026-06-08
69110006,SP95,2026-06-12,2026-06-15
69110006,SP95,2026-06-19,2026-06-22
69110006,SP95,2026-06-26,2026-06-29
69110006,SP95,2026-07-24,2026-07-27
69110006,SP95,2026-08-27,2026-09-01
69110006,SP95,2026-09-03,2026-09-07
69110006,SP95,2026-09-08,2026-09-10
69110006,SP95,2026-09-11,2026-09-14
69110006,SP95,2026-09-15,2026-09-16
69110006,SP95,2026-09-17,
69120001,E10,2021-12-06,
69120001,E85,2018-03-05,
69120001,GPLc,2018-03-05,
69120001,Gazole,2021-12-06,
69120001,SP95,2018-03-05,
69120001,SP98,2021-12-06,
69120004,E85,2010-02-23,
69120004,GPLc,2010-02-23,
69120004,SP95,2010-02-23,
69120010,E85,2022-10-14,
69120010,GPLc,2022-10-14,
69120010,SP95,2022-10-14,
69120011,E10,2026-04-02,2026-04-02
69120011,E10,2026-04-05,2026-04-07
69120011,E10,2026-04-07,2026-04-08
69120011,E10,2026-04-11,2026-04-13
69120011,E10,2026-05-24,2026-05-26
69120011,E10,2026-06-07,2026-06-07
69120011,E10,2026-09-12,2026-09-14
69120011,E85,2026-04-02,2026-04-02
69120011,E85,2026-04-07,2026-04-08
69120011,E85,2026-06-07,2026-06-07
69120011,GPLc,2022-03-09,
69120011,Gazole,2026-03-29,2026-03-30
69120011,Gazole,2026-03-30,2026-03-31
69120011,Gazole,2026-03-31,2026-04-01
69120011,Gazole,2026-04-01,2026-04-02
69120011,Gazole,2026-04-02,2026-04-03
69120011,Gazole,2026-04-03,2026-04-03
69120011,Gazole,2026-04-05,2026-04-07
69120011,Gazole,2026-04-07,2026-04-08
69120011,Gazole,2026-04-11,2026-04-13
69120011,Gazole,2026-04-13,2026-04-14
69120011,Gazole,2026-04-14,2026-04-15
69120011,Gazole,2026-04-18,2026-04-20
69120011,Gazole,2026-04-22,2026-04-23
69120011,Gazole,2026-05-02,2026-05-04
69120011,Gazole,2026-05-09,2026-05-11
69120011,Gazole,2026-05-17,2026-05-18
69120011,Gazole,2026-06-07,2026-06-07
69120011,Gazole,2026-09-12,2026-09-14
69120011,SP95,2022-03-09,
69120011,SP98,2026-03-28,2026-03-29
69120011,SP98,2026-03-29,2026-03-30
69120011,SP98,2026-03-30,2026-03-31
69120011,SP98,2026-03-31,2026-04-01
69120011,SP98,2026-04-01,2026-04-02
69120011,SP98,2026-04-02,2026-04-02
69120011,SP98,2026-04-05,2026-04-07
69120011,SP98,2026-04-07,2026-04-08
69120011,SP98,2026-04-08,2026-04-13
69120011,SP98,2026-04-15,2026-04-17
69120011,SP98,2026-04-19,2026-04-20
69120011,SP98,2026-04-25,2026-04-27
69120011,SP98,2026-04-30,2026-05-04
69120011,SP98,2026-05-05,2026-05-06
69120011,SP98,2026-05-07,2026-05-08
69120011,SP98,2026-05-11,2026-05-11
69120011,SP98,2026-05-12,2026-05-13
69120011,SP98,2026-05-14,2026-05-17
69120011,SP98,2026-05-17,2026-05-18
69120011,SP98,2026-05-20,2026-05-27
69120011,SP98,2026-05-28,2026-05-29
69120011,SP98,2026-05-30,2026-06-01
69120011,SP98,2026-06-02,2026-06-03
69120011,SP98,2026-06-07,2026-06-08
69120011,SP98,2026-06-13,2026-06-15
69120011,SP98,2026-07-12,2026-07-13
69120011,SP98,2026-07-29,2026-08-01
69120011,SP98,2026-08-04,2026-08-05
69120011,SP98,2026-08-08,2026-08-10
69120011,SP98,2026-08-10,2026-08-14
69120011,SP98,2026-08-17,2026-08-24
69120011,SP98,2026-08-28,2026-08-28
69120011,SP98,2026-08-29,2026-08-31
69120011,SP98,2026-09-01,2026-09-02
69120011,SP98,2026-09-05,2026-09-10
69120011,SP98,2026-09-12,2026-09-14
69120011,SP98,2026-09-14,2026-09-14
69120011,SP98,2026-09-15,2026-09-16
69120011,SP98,2026-09-17,
69120012,E85,2023-09-22,
69120012,GPLc,2023-09-22,
69120012,SP95,2023-12-01,
69126001,E85,2017-09-04,
69126001,GPLc,2017-09-04,
69130003,E10,2025-01-29,2025-01-30
69130003,Gazole,2025-01-28,2025-01-30
69130003,SP95,2010-09-15,
69130004,E10,2022-05-10,
69130004,E85,2022-05-10,
69130004,GPLc,2022-05-10,
69130004,SP98,2017-09-11,
69130005,E10,2022-08-31,
69130005,E85,2022-08-31,
69130005,GPLc,2022-08-31,
69130005,Gazole,2026-04-04,2026-04-08
69130005,SP95,2026-04-04,2026-04-08
69130005,SP95,2026-05-02,2026-05-04
69130005,SP95,2026-05-08,2026-05-11
69130005,SP95,2026-05-14,2026-05-15
69130005,SP95,2026-05-21,2026-05-22
69130005,SP95,2026-05-23,2026-05-26
69130005,SP95,2026-05-29,2026-06-01
69130005,SP95,2026-06-27,2026-06-29
69130005,SP95,2026-09-03,2026-09-04
69130005,SP95,2026-09-05,2026-09-07
69130005,SP95,2026-09-15,2026-09-16
69130005,SP95,2026-09-17,
69130005,SP98,2022-08-31,
69140004,E85,2016-05-30,
69140004,GPLc,2016-05-30,
69140004,SP95,2013-07-18,
69140005,E10,2025-02-04,2025-02-05
69140005,E10,2025-06-09,2025-06-10
69140005,E10,2025-09-10,2025-09-11
69140005,E10,2025-10-25,2025-10-27
69140005,E10,2026-01-04,2026-01-05
69140005,E10,2026-03-03,2026-03-04
69140005,E10,2026-04-06,2026-04-07
69140005,E10,2026-05-02,2026-05-04
69140005,E85,2019-09-18,
69140005,GPLc,2019-09-18,
69140005,Gazole,2025-09-10,2025-09-11
69140005,SP95,2024-03-11,
69140005,SP98,2025-02-04,2025-02-05
69140005,SP98,2025-05-05,2025-05-06
69140005,SP98,2025-07-07,2025-07-07
69140005,SP98,2025-09-01,2025-09-02
69140005,SP98,2025-09-08,2025-09-08
69140005,SP98,2025-09-10,2025-09-11
69140005,SP98,2025-09-15,2025-09-16
69140005,SP98,2025-10-25,2025-10-27
69140005,SP98,2025-11-04,2025-11-05
69140005,SP98,2026-01-04,2026-01-05
69140005,SP98,2026-03-03,2026-03-04
69140005,SP98,2026-04-06,2026-04-07
69140005,SP98,2026-07-25,2026-07-27
69140006,E10,2025-01-21,2025-01-27
69140006,E10,2025-02-01,2025-02-04
69140006,E10,2026-02-22,2026-02-28
69140006,GPLc,2017-09-05,
69140006,SP95,2022-09-15,
69140006,SP98,2017-09-05,
69140007,E10,2023-02-10,
69140007,E85,2022-09-29,
69140007,GPLc,2022-09-29,
69140007,SP95,2022-09-29,
69140007,SP98,2023-02-01,
69150001,Gazole,2026-04-07,2026-04-07
69150001,SP95,2010-09-22,
69150003,SP95,2011-01-21,
69150003,SP98,2013-07-09,
69150004,E10,2026-04-04,2026-04-08
69150004,E10,2026-04-08,2026-04-09
69150004,E10,2026-04-09,2026-04-10
69150004,E10,2026-04-15,2026-04-16
69150004,E10,2026-04-17,2026-04-18
69150004,E10,2026-04-19,2026-04-20
69150004,E10,2026-05-05,2026-05-06
69150004,E10,2026-05-11,2026-05-13
69150004,E10,2026-05-22,2026-05-22
69150004,E10,2026-05-24,2026-05-26
69150004,E10,2026-05-27,2026-05-28
69150004,E10,2026-05-28,2026-05-29
69150004,E10,2026-05-31,2026-05-31
69150004,E10,2026-06-02,2026-06-02
69150004,E10,2026-06-08,2026-06-08
69150004,E10,2026-06-15,2026-06-15
69150004,E10,2026-07-19,2026-07-20
69150004,E10,2026-07-27,2026-07-27
69150004,E10,2026-08-10,2026-08-11
69150004,E10,2026-08-31,2026-09-01
69150004,E10,2026-09-11,2026-09-14
69150004,E10,2026-09-15,2026-09-16
69150004,E10,2026-09-17,
69150004,E85,2026-04-08,2026-04-10
69150004,E85,2026-04-11,2026-04-13
69150004,E85,2026-04-18,2026-04-20
69150004,E85,2026-04-29,2026-05-02
69150004,E85,2026-05-07,2026-05-08
69150004,E85,2026-05-08,2026-05-28
69150004,GPLc,2025-03-09,2025-03-10
69150004,GPLc,2025-06-14,2025-06-17
69150004,GPLc,2025-08-13,2025-08-18
69150004,GPLc,2026-06-06,2026-06-07
69150004,GPLc,2026-06-30,2026-06-30
69150004,GPLc,2026-08-10,2026-08-18
69150004,Gazole,2026-03-29,2026-03-30
69150004,Gazole,2026-03-31,2026-04-03
69150004,Gazole,2026-04-03,2026-04-08
69150004,Gazole,2026-04-08,2026-04-09
69150004,Gazole,2026-04-09,2026-04-10
69150004,Gazole,2026-04-12,2026-04-13
69150004,Gazole,2026-04-13,2026-04-14
69150004,Gazole,2026-04-15,2026-04-16
69150004,Gazole,2026-04-17,2026-04-17
69150004,Gazole,2026-04-18,2026-04-20
69150004,Gazole,2026-04-21,2026-04-21
69150004,Gazole,2026-04-22,2026-04-22
69150004,Gazole,2026-05-11,2026-05-13
69150004,SP95,2017-09-07,
69150004,SP98,2026-03-03,2026-03-03
69150004,SP98,2026-03-29,2026-03-31
69150004,SP98,2026-04-02,2026-04-08
69150004,SP98,2026-04-08,2026-04-10
69150004,SP98,2026-04-12,2026-04-13
69150004,SP98,2026-04-15,2026-04-16
69150004,SP98,2026-04-16,2026-04-17
69150004,SP98,2026-04-19,2026-04-20
69150004,SP98,2026-04-20,2026-04-23
69150004,SP98,2026-04-23,2026-04-27
69150004,SP98,2026-04-27,2026-04-28
69150004,SP98,2026-04-30,2026-05-02
69150004,SP98,2026-05-03,2026-05-04
69150004,SP98,2026-05-05,2026-05-06
69150004,SP98,2026-05-08,2026-05-11
69150004,SP98,2026-05-11,2026-05-13
69150004,SP98,2026-05-15,2026-05-16
69150004,SP98,2026-05-16,2026-05-17
69150004,SP98,2026-05-18,2026-05-18
69150004,SP98,2026-05-20,2026-05-27
69150004,SP98,2026-05-27,2026-05-28
69150004,SP98,2026-05-28,2026-05-29
69150004,SP98,2026-05-29,2026-05-30
69150004,SP98,2026-05-30,2026-06-01
69150004,SP98,2026-06-03,2026-06-03
69150004,SP98,2026-06-07,2026-06-08
69150004,SP98,2026-06-13,2026-06-15
69150004,SP98,2026-06-15,2026-06-16
69150004,SP98,2026-06-21,2026-06-22
69150004,SP98,2026-07-05,2026-07-06
69150004,SP98,2026-07-19,2026-07-20
69150004,SP98,2026-07-26,2026-07-27
69150004,SP98,2026-08-02,2026-08-03
69150004,SP98,2026-08-03,2026-08-04
69150004,SP98,2026-08-07,2026-08-11
69150004,SP98,2026-08-13,2026-08-14
69150004,SP98,2026-08-15,2026-08-22
69150004,SP98,2026-08-23,2026-08-24
69150004,SP98,2026-08-24,2026-08-24
69150004,SP98,2026-08-25,2026-08-26
69150004,SP98,2026-08-27,2026-08-29
69150004,SP98,2026-08-30,2026-09-01
69150004,SP98,2026-09-06,2026-09-07
69150004,SP98,2026-09-07,2026-09-08
69150004,SP98,2026-09-08,2026-09-09
69150004,SP98,2026-09-09,2026-09-10
69150004,SP98,2026-09-11,2026-09-14
69150004,SP98,2026-09-15,2026-09-16
69150004,SP98,2026-09-17,
69160001,E10,2025-01-06,2025-01-07
69160001,E10,2025-03-27,2025-03-28
69160001,E10,2025-06-13,2025-06-16
69160001,E10,2025-06-26,2025-06-28
69160001,E10,2025-06-30,2025-07-04
69160001,E10,2025-07-05,2025-07-06
69160001,E10,2025-09-09,2025-09-10
69160001,E10,2025-10-19,2025-10-20
69160001,E10,2025-11-04,2025-11-05
69160001,E10,2025-12-20,2025-12-22
69160001,E10,2026-01-02,2026-01-03
69160001,E10,2026-02-03,2026-02-04
69160001,E10,2026-02-21,2026-02-23
69160001,E10,2026-03-09,2026-03-11
69160001,E10,2026-03-29,2026-03-30
69160001,E10,2026-06-26,2026-06-26
69160001,E10,2026-06-29,2026-06-30
69160001,E10,2026-07-11,2026-07-13
69160001,E10,2026-09-07,2026-09-08
69160001,E85,2017-09-02,2025-07-04
69160001,E85,2026-06-26,2026-06-26
69160001,GPLc,2017-09-02,
69160001,Gazole,2025-06-15,2025-06-24
69160001,Gazole,2026-03-03,2026-03-04
69160001,Gazole,2026-06-26,2026-06-26
69160001,SP95,2022-11-28,
69160001,SP98,2025-06-15,2025-06-16
69160001,SP98,2025-06-27,2025-06-28
69160001,SP98,2025-10-19,2025-10-23
69160001,SP98,2026-03-09,2026-03-11
69160001,SP98,2026-03-11,2026-03-18
69160001,SP98,2026-06-26,2026-06-26
69160001,SP98,2026-09-16,2026-09-16
69160002,E10,2018-10-24,
69160002,E85,2017-09-27,
69160002,GPLc,2017-09-27,
69160003,SP95,2010-10-08,
69160005,E10,2021-01-10,
69160005,GPLc,2021-01-10,
69160005,Gazole,2026-06-26,2026-06-27
69160005,SP95,2026-03-04,2026-03-05
69190001,E85,2017-08-31,
69190001,GPLc,2017-08-31,
69190001,SP95,2021-08-25,
69190004,SP95,2009-04-23,
69190005,SP95,2011-01-23,
69190007,SP98,2016-07-20,
69190009,GPLc,2022-10-25,
69190009,SP95,2022-10-30,
69190012,E85,2026-06-03,
69190012,GPLc,2026-06-03,
69190012,SP95,2026-06-03,
69190012,SP98,2026-06-03,2026-06-08
69190012,SP98,2026-09-08,2026-09-09
69200001,E10,2025-01-08,2025-01-16
69200001,E85,2022-10-28,
69200001,Gazole,2025-01-20,2025-01-20
69200001,Gazole,2025-01-21,2025-01-24
69200002,SP95,2012-02-26,
69200003,E10,2025-06-23,2025-06-24
69200003,GPLc,2024-09-12,
69200003,Gazole,2025-06-23,2025-06-23
69200003,SP95,2024-03-05,
69200005,SP95,2010-09-22,
69200007,E85,2025-07-07,
69200007,GPLc,2025-05-13,
69200007,SP95,2025-07-07,
69200008,E10,2025-06-21,2025-07-09
69200008,E85,2019-09-28,2025-06-05
69200008,E85,2025-06-21,2025-07-09
69200008,GPLc,2014-09-03,
69200008,Gazole,2025-06-21,2025-07-09
69200008,SP95,2019-09-28,
69200008,SP98,2019-09-28,
69200009,E10,2026-03-31,2026-04-01
69200009,E10,2026-04-03,2026-04-08
69200009,E10,2026-04-11,2026-04-13
69200009,E10,2026-04-23,2026-04-23
69200009,E10,2026-05-01,2026-05-02
69200009,E10,2026-05-03,2026-05-04
69200009,E10,2026-05-05,2026-05-05
69200009,E10,2026-05-09,2026-05-11
69200009,E10,2026-05-14,2026-05-15
69200009,E10,2026-05-20,2026-05-21
69200009,E10,2026-05-25,2026-05-26
69200009,E10,2026-05-28,2026-05-28
69200009,E10,2026-06-01,2026-06-01
69200009,E10,2026-06-08,2026-06-08
69200009,E10,2026-07-20,2026-07-20
69200009,E10,2026-07-27,2026-07-27
69200009,E10,2026-08-03,2026-08-03
69200009,E10,2026-08-10,2026-08-10
69200009,E10,2026-09-07,2026-09-08
69200009,E10,2026-09-10,2026-09-11
69200009,E10,2026-09-12,2026-09-14
69200009,E10,2026-09-16,2026-09-17
69200009,E85,2024-02-12,
69200009,GPLc,2024-02-12,
69200009,Gazole,2026-03-30,2026-04-01
69200009,Gazole,2026-04-02,2026-04-02
69200009,Gazole,2026-04-03,2026-04-08
69200009,Gazole,2026-04-13,2026-04-13
69200009,Gazole,2026-09-14,2026-09-14
69200009,SP95,2024-02-12,
69200009,SP98,2026-03-30,2026-04-01
69200009,SP98,2026-04-01,2026-04-02
69200009,SP98,2026-04-03,2026-04-08
69200009,SP98,2026-04-10,2026-04-13
69200009,SP98,2026-04-15,2026-04-15
69200009,SP98,2026-04-17,2026-04-17
69200009,SP98,2026-04-20,2026-04-20
69200009,SP98,2026-04-23,2026-04-23
69200009,SP98,2026-04-25,2026-04-27
69200009,SP98,2026-04-28,2026-04-29
69200009,SP98,2026-04-30,2026-05-01
69200009,SP98,2026-05-01,2026-05-02
69200009,SP98,2026-05-03,2026-05-04
69200009,SP98,2026-05-04,2026-05-07
69200009,SP98,2026-05-08,2026-05-11
69200009,SP98,2026-05-12,2026-05-15
69200009,SP98,2026-05-18,2026-05-19
69200009,SP98,2026-05-20,2026-05-21
69200009,SP98,2026-05-25,2026-05-26
69200009,SP98,2026-05-28,2026-05-28
69200009,SP98,2026-05-30,2026-06-01
69200009,SP98,2026-06-08,2026-06-08
69200009,SP98,2026-06-12,2026-06-15
69200009,SP98,2026-07-17,2026-07-20
69200009,SP98,2026-07-27,2026-08-14
69200009,SP98,2026-08-17,2026-08-19
69200009,SP98,2026-08-21,2026-08-25
69200009,SP98,2026-09-07,2026-09-08
69200009,SP98,2026-09-09,2026-09-11
69200009,SP98,2026-09-12,2026-09-14
69200009,SP98,2026-09-15,2026-09-15
69200009,SP98,2026-09-16,2026-09-17
69210002,E85,2017-09-01,
69210002,GPLc,2017-09-01,
69210002,Gazole,2026-04-21,2026-04-22
69210006,E85,2010-10-21,
69210009,E10,2019-01-03,
69210009,E85,2022-10-10,
69210009,GPLc,2019-01-03,
69210009,SP98,2019-01-03,
69230001,E85,2019-09-05,
69230001,GPLc,2025-03-05,2025-03-07
69230001,GPLc,2026-02-11,2026-03-24
69230003,SP95,2009-04-24,
69230004,SP95,2011-01-23,
69230004,SP98,2016-07-20,
69250008,E85,2017-12-17,
69250008,GPLc,2017-12-17,
69250008,SP95,2017-12-17,
69250009,E10,2026-03-12,
69250009,E85,2026-03-12,
69250009,GPLc,2026-03-12,
69250009,Gazole,2026-03-12,2026-03-12
69250009,SP98,2026-03-12,
69260004,SP95,2009-12-04,
69260008,SP95,2017-06-01,
69260010,SP95,2017-12-26,
69270001,E85,2011-08-01,
69270001,GPLc,2011-08-01,
69270001,SP95,2011-07-19,
69270002,E85,2017-08-31,
69270002,GPLc,2017-08-31,
69270003,E85,2014-11-12,
69270003,GPLc,2014-11-12,
69270003,SP95,2014-11-12,
69270004,E10,2025-04-22,2025-04-24
69270004,E10,2025-04-27,2025-04-29
69270004,E10,2025-05-05,2025-05-06
69270004,E10,2026-03-31,2026-04-02
69270004,E10,2026-04-02,2026-04-11
69270004,E10,2026-04-22,2026-04-23
69270004,E10,2026-04-24,2026-04-24
69270004,E10,2026-04-27,2026-04-28
69270004,E10,2026-05-01,2026-05-02
69270004,E10,2026-05-04,2026-05-04
69270004,E10,2026-05-05,2026-05-06
69270004,E10,2026-05-12,2026-05-13
69270004,E10,2026-08-10,2026-08-10
69270004,E85,2025-04-22,2025-04-24
69270004,E85,2025-04-27,2025-04-29
69270004,E85,2025-05-05,2025-05-06
69270004,E85,2026-03-13,2026-03-14
69270004,E85,2026-04-03,2026-04-13
69270004,E85,2026-04-22,2026-04-22
69270004,E85,2026-04-27,2026-05-02
69270004,E85,2026-05-04,2026-05-04
69270004,E85,2026-05-05,2026-05-21
69270004,E85,2026-05-23,2026-06-02
69270004,E85,2026-08-10,2026-08-10
69270004,GPLc,2022-09-26,
69270004,Gazole,2025-04-22,2025-04-24
69270004,Gazole,2025-04-27,2025-04-29
69270004,Gazole,2025-05-05,2025-05-06
69270004,Gazole,2026-03-30,2026-03-31
69270004,Gazole,2026-04-01,2026-04-11
69270004,Gazole,2026-04-21,2026-04-21
69270004,Gazole,2026-05-02,2026-05-02
69270004,Gazole,2026-05-04,2026-05-04
69270004,Gazole,2026-05-05,2026-05-06
69270004,Gazole,2026-05-12,2026-05-13
69270004,Gazole,2026-08-10,2026-08-10
69270004,SP95,2022-09-26,
69270004,SP98,2025-04-22,2025-04-24
69270004,SP98,2025-04-27,2025-04-29
69270004,SP98,2025-05-05,2025-05-06
69270004,SP98,2026-04-01,2026-04-11
69270004,SP98,2026-04-24,2026-04-28
69270004,SP98,2026-05-01,2026-05-02
69270004,SP98,2026-05-04,2026-05-04
69270004,SP98,2026-05-05,2026-05-06
69270004,SP98,2026-05-12,2026-05-13
69270004,SP98,2026-05-23,2026-05-27
69270004,SP98,2026-08-10,2026-08-10
69270004,SP98,2026-09-15,2026-09-17
69290001,E10,2025-01-02,2025-01-03
69290001,E10,2025-06-22,2025-06-23
69290001,E10,2026-03-03,2026-03-03
69290001,SP95,2010-10-05,
69290002,E10,2026-07-04,2026-07-06
69290002,E85,2017-12-08,
69290002,GPLc,2017-12-08,
69290002,SP98,2025-05-27,2025-05-28
69290003,E10,2025-04-22,2025-04-22
69290003,E10,2025-06-20,2025-06-23
69290003,E10,2026-04-01,2026-04-01
69290003,E10,2026-06-18,2026-06-19
69290003,E10,2026-09-07,2026-09-07
69290003,E10,2026-09-16,2026-09-16
69290003,E85,2020-02-05,
69290003,GPLc,2020-02-05,
69290003,Gazole,2025-06-20,2025-06-23
69290003,Gazole,2026-09-07,2026-09-07
69290003,SP95,2021-10-05,
69290003,SP98,2025-04-22,2025-04-22
69290003,SP98,2025-06-20,2025-06-23
69290003,SP98,2026-06-01,2026-06-02
69290003,SP98,2026-06-19,2026-06-19
69300001,E10,2025-02-04,2025-02-05
69300001,E10,2025-06-11,2025-06-11
69300001,E10,2025-07-14,2025-07-15
69300001,E10,2025-08-17,2025-08-18
69300001,E10,2025-10-01,2025-10-03
69300001,E10,2026-03-03,2026-03-03
69300001,E10,2026-03-07,2026-03-09
69300001,E10,2026-05-26,2026-05-26
69300001,E85,2026-04-02,2026-04-03
69300001,E85,2026-04-08,2026-04-17
69300001,SP95,2024-07-15,
69300001,SP98,2025-07-07,2025-07-07
69300001,SP98,2026-03-08,2026-03-09
69300003,E85,2010-10-21,
69300008,SP98,2013-07-09,
69300010,E10,2026-04-02,2026-04-09
69300010,E10,2026-04-10,2026-04-14
69300010,E10,2026-05-08,2026-05-13
69300010,E10,2026-05-14,2026-05-20
69300010,E10,2026-05-26,2026-05-27
69300010,E10,2026-06-01,2026-06-01
69300010,E10,2026-09-14,
69300010,E85,2018-12-05,
69300010,GPLc,2018-12-05,
69300010,Gazole,2026-04-02,2026-04-09
69300010,Gazole,2026-04-10,2026-04-14
69300010,SP95,2018-12-05,
69300010,SP98,2026-04-02,2026-04-09
69300010,SP98,2026-04-10,2026-04-14
69300010,SP98,2026-05-07,2026-05-13
69300010,SP98,2026-05-14,2026-05-14
69300010,SP98,2026-05-19,2026-05-20
69300010,SP98,2026-05-22,2026-05-23
69300010,SP98,2026-05-26,2026-05-27
69300010,SP98,2026-05-30,2026-06-01
69300010,SP98,2026-08-24,2026-09-01
69300010,SP98,2026-09-10,2026-09-10
69300010,SP98,2026-09-14,
69300011,E10,2026-04-03,2026-04-07
69300011,E10,2026-04-08,2026-04-08
69300011,E10,2026-04-26,2026-04-27
69300011,E10,2026-05-01,2026-05-04
69300011,E10,2026-05-08,2026-05-09
69300011,E10,2026-05-16,2026-05-16
69300011,E10,2026-05-24,2026-05-26
69300011,E10,2026-05-28,2026-06-05
69300011,E10,2026-08-10,2026-08-11
69300011,E10,2026-09-12,2026-09-16
69300011,E85,2021-10-04,
69300011,GPLc,2022-12-07,
69300011,Gazole,2026-04-02,2026-04-07
69300011,SP95,2021-10-04,2026-06-30
69300011,SP95,2026-07-01,
69300011,SP98,2026-03-30,2026-03-31
69300011,SP98,2026-04-02,2026-04-07
69300011,SP98,2026-04-07,2026-04-08
69300011,SP98,2026-04-13,2026-04-13
69300011,SP98,2026-04-14,2026-04-16
69300011,SP98,2026-04-19,2026-04-20
69300011,SP98,2026-04-23,2026-04-27
69300011,SP98,2026-04-30,2026-05-04
69300011,SP98,2026-05-05,2026-05-06
69300011,SP98,2026-05-08,2026-05-09
69300011,SP98,2026-05-12,2026-05-16
69300011,SP98,2026-05-17,2026-06-06
69300011,SP98,2026-06-08,2026-06-09
69300011,SP98,2026-08-10,2026-08-11
69300011,SP98,2026-09-12,
69300012,SP98,2016-07-21,
69310002,SP95,2011-05-30,
69310003,E10,2026-04-05,2026-04-06
69310003,E10,2026-04-06,2026-04-07
69310003,E10,2026-04-07,2026-04-10
69310003,E10,2026-05-18,2026-05-19
69310003,Gazole,2026-04-06,2026-04-10
69310003,SP95,2010-10-05,
69310003,SP98,2026-04-06,2026-04-10
69310004,E10,2026-03-31,2026-03-31
69310004,E10,2026-04-01,2026-04-03
69310004,E10,2026-04-04,2026-04-07
69310004,E10,2026-05-04,2026-05-05
69310004,E10,2026-05-07,2026-05-07
69310004,E10,2026-05-10,2026-05-11
69310004,E10,2026-05-24,2026-05-27
69310004,E10,2026-07-17,2026-07-17
69310004,E10,2026-08-03,2026-08-05
69310004,E85,2026-04-30,2026-05-04
69310004,E85,2026-05-09,2026-05-13
69310004,E85,2026-05-20,2026-06-23
69310004,E85,2026-07-17,2026-07-17
69310004,GPLc,2025-06-10,2025-08-18
69310004,Gazole,2026-03-23,2026-03-24
69310004,Gazole,2026-03-30,2026-03-31
69310004,Gazole,2026-04-01,2026-04-03
69310004,Gazole,2026-04-03,2026-04-07
69310004,Gazole,2026-05-27,2026-05-28
69310004,Gazole,2026-07-10,2026-07-15
69310004,SP95,2021-12-29,
69310004,SP98,2026-03-23,2026-03-24
69310004,SP98,2026-03-30,2026-04-03
69310004,SP98,2026-04-04,2026-04-07
69310004,SP98,2026-04-30,2026-06-23
69310004,SP98,2026-07-15,2026-07-17
69310004,SP98,2026-07-24,2026-07-27
69310004,SP98,2026-08-02,2026-08-03
69310004,SP98,2026-08-06,2026-08-10
69310004,SP98,2026-08-19,2026-08-20
69310004,SP98,2026-08-28,2026-08-31
69320002,E85,2012-07-03,
69320002,SP95,2012-03-01,
69320004,E85,2012-07-03,
69320004,GPLc,2012-11-21,
69320004,SP95,2012-07-03,
69320005,E85,2012-07-03,
69320005,SP95,2012-07-03,
69320006,E85,2021-07-26,
69320006,GPLc,2021-07-26,
69320006,SP95,2021-07-26,
69320007,E85,2021-07-26,
69320007,GPLc,2022-12-12,
69320007,SP95,2021-07-26,
69320008,E10,2026-03-13,2026-03-13
69320008,E10,2026-04-03,2026-05-13
69320008,E10,2026-05-25,2026-05-27
69320008,E10,2026-09-14,2026-09-15
69320008,E85,2026-03-13,2026-03-14
69320008,E85,2026-05-25,2026-05-27
69320008,GPLc,2024-08-23,
69320008,Gazole,2026-03-13,2026-03-13
69320008,Gazole,2026-03-30,2026-03-31
69320008,Gazole,2026-04-01,2026-04-02
69320008,Gazole,2026-04-03,2026-05-13
69320008,Gazole,2026-05-25,2026-05-27
69320008,SP95,2024-08-23,
69320008,SP98,2026-03-13,2026-03-13
69320008,SP98,2026-03-30,2026-03-31
69320008,SP98,2026-04-01,2026-04-02
69320008,SP98,2026-04-03,2026-05-13
69320008,SP98,2026-05-13,2026-05-16
69320008,SP98,2026-05-19,2026-05-27
69320008,SP98,2026-06-09,2026-06-09
69320008,SP98,2026-08-17,2026-08-19
69320008,SP98,2026-08-24,2026-08-25
69320008,SP98,2026-09-08,2026-09-08
69320008,SP98,2026-09-11,2026-09-14
69320008,SP98,2026-09-17,
69330001,E10,2026-08-18,2026-08-18
69330001,E85,2017-08-29,
69330001,GPLc,2017-08-29,
69330001,SP95,2021-08-23,2026-08-18
69330001,SP95,2026-08-29,
69330003,E10,2025-02-24,2025-02-28
69330003,E85,2025-02-24,
69330003,GPLc,2025-02-24,
69330003,Gazole,2025-02-24,2025-02-28
69330003,SP95,2010-09-22,
69330003,SP98,2025-02-24,2025-02-28
69330005,E10,2026-06-01,2026-06-02
69330005,E85,2026-09-12,
69330005,GPLc,2017-09-01,
69330005,SP95,2017-09-01,
69340001,E85,2013-01-31,
69340001,E85,2017-09-01,
69340001,GPLc,2014-10-31,
69340001,GPLc,2017-09-01,
69340002,E10,2026-03-02,2026-03-03
69340002,E10,2026-03-29,2026-03-30
69340002,E10,2026-07-16,2026-07-16
69340002,E85,2026-07-16,
69340002,GPLc,2026-07-16,
69340002,Gazole,2026-07-16,2026-07-16
69340002,SP95,2010-10-07,2026-07-16
69340002,SP98,2026-01-23,2026-01-28
69340002,SP98,2026-07-16,2026-07-23
69340002,SP98,2026-07-23,2026-07-23
69350003,E10,2026-04-07,2026-04-09
69350003,E10,2026-04-14,2026-04-15
69350003,E10,2026-05-11,2026-05-12
69350003,E10,2026-05-18,2026-05-18
69350003,E10,2026-05-26,2026-05-27
69350003,E10,2026-09-14,2026-09-15
69350003,E85,2015-02-17,
69350003,GPLc,2015-02-17,
69350003,Gazole,2026-03-30,2026-03-30
69350003,Gazole,2026-04-01,2026-04-04
69350003,Gazole,2026-04-06,2026-04-09
69350003,Gazole,2026-04-12,2026-04-15
69350003,Gazole,2026-04-18,2026-04-20
69350003,Gazole,2026-09-01,2026-09-01
69350003,SP95,2015-02-17,2026-04-04
69350003,SP95,2026-04-04,
69350003,SP98,2026-03-30,2026-03-30
69350003,SP98,2026-04-01,2026-04-04
69350003,SP98,2026-04-06,2026-04-09
69350003,SP98,2026-04-11,2026-04-15
69350003,SP98,2026-04-18,2026-04-20
69350003,SP98,2026-04-25,2026-04-29
69350003,SP98,2026-04-30,2026-05-06
69350003,SP98,2026-05-08,2026-05-10
69350003,SP98,2026-05-11,2026-05-12
69350003,SP98,2026-05-13,2026-05-18
69350003,SP98,2026-05-19,2026-05-19
69350003,SP98,2026-05-20,2026-05-21
69350003,SP98,2026-05-25,2026-05-27
69350003,SP98,2026-05-29,2026-05-29
69350003,SP98,2026-08-31,2026-09-01
69350003,SP98,2026-09-07,2026-09-08
69350003,SP98,2026-09-11,2026-09-12
69350003,SP98,2026-09-13,2026-09-15
69350003,SP98,2026-09-16,2026-09-17
69350003,SP98,2026-09-17,
69360002,SP95,2011-07-08,
69360009,E10,2017-05-24,
69360009,E85,2017-05-24,
69360009,GPLc,2017-05-24,
69360009,SP98,2017-05-24,
69360011,GPLc,2025-01-01,2025-01-17
69360011,GPLc,2025-02-15,2025-02-18
69360011,GPLc,2025-07-14,2025-07-18
69360011,GPLc,2025-08-18,2025-08-22
69360011,GPLc,2025-08-26,2025-09-04
69360011,GPLc,2025-09-04,2025-09-06
69360011,GPLc,2026-03-22,2026-03-25
69360011,GPLc,2026-07-11,2026-07-20
69360011,GPLc,2026-08-10,2026-08-17
69360011,Gazole,2026-03-31,2026-04-01
69360011,Gazole,2026-04-05,2026-04-06
69360011,Gazole,2026-04-06,2026-04-07
69360011,Gazole,2026-04-07,2026-04-07
69360011,SP95,2021-04-24,
69360015,E10,2025-07-14,2025-07-15
69360015,E10,2025-07-25,2025-07-28
69360015,E10,2025-08-04,2025-08-04
69360015,E10,2025-08-16,2025-08-18
69360015,E10,2025-08-24,2025-08-25
69360015,E10,2025-10-06,2025-10-06
69360015,E10,2025-10-20,2025-10-20
69360015,E10,2025-11-10,2025-11-10
69360015,E10,2025-11-24,2025-11-26
69360015,E10,2026-01-24,2026-02-07
69360015,E10,2026-03-03,2026-03-03
69360015,E10,2026-03-31,2026-04-03
69360015,E10,2026-04-04,2026-04-07
69360015,E10,2026-04-07,2026-04-08
69360015,E10,2026-04-10,2026-04-11
69360015,E10,2026-04-19,2026-04-21
69360015,E10,2026-04-22,2026-04-22
69360015,E10,2026-04-27,2026-04-27
69360015,E10,2026-05-01,2026-05-02
69360015,E10,2026-05-04,2026-05-05
69360015,E10,2026-05-08,2026-05-09
69360015,E10,2026-05-22,2026-05-27
69360015,E10,2026-05-31,2026-06-01
69360015,E10,2026-06-08,2026-06-08
69360015,E10,2026-06-21,2026-06-22
69360015,E10,2026-07-26,2026-07-27
69360015,E10,2026-08-03,2026-08-04
69360015,E10,2026-08-11,2026-08-11
69360015,E10,2026-09-14,2026-09-14
69360015,E10,2026-09-15,2026-09-15
69360015,E85,2026-01-26,2026-02-07
69360015,E85,2026-04-29,2026-05-05
69360015,E85,2026-05-09,2026-05-11
69360015,E85,2026-05-18,2026-05-19
69360015,E85,2026-05-31,2026-06-01
69360015,Gazole,2025-07-15,2025-07-15
69360015,Gazole,2025-07-26,2025-07-28
69360015,Gazole,2025-08-04,2025-08-04
69360015,Gazole,2025-08-17,2025-08-18
69360015,Gazole,2025-10-06,2025-10-06
69360015,Gazole,2026-01-24,2026-02-07
69360015,Gazole,2026-03-03,2026-03-03
69360015,Gazole,2026-03-30,2026-03-31
69360015,Gazole,2026-03-31,2026-04-03
69360015,Gazole,2026-04-03,2026-04-07
69360015,Gazole,2026-04-07,2026-04-08
69360015,Gazole,2026-04-12,2026-04-14
69360015,Gazole,2026-04-15,2026-04-16
69360015,Gazole,2026-04-19,2026-04-21
69360015,Gazole,2026-05-04,2026-05-05
69360015,Gazole,2026-05-31,2026-06-01
69360015,SP95,2026-03-03,2026-03-03
69360015,SP98,2025-07-14,2025-07-17
69360015,SP98,2025-07-21,2025-07-23
69360015,SP98,2025-07-24,2026-02-07
69360015,SP98,2026-03-03,2026-03-03
69360015,SP98,2026-03-30,2026-03-31
69360015,SP98,2026-04-01,2026-04-03
69360015,SP98,2026-04-04,2026-04-07
69360015,SP98,2026-04-07,2026-04-11
69360015,SP98,2026-04-15,2026-04-18
69360015,SP98,2026-04-19,2026-04-21
69360015,SP98,2026-04-25,2026-04-28
69360015,SP98,2026-04-30,2026-05-02
69360015,SP98,2026-05-04,2026-05-06
69360015,SP98,2026-05-08,2026-05-09
69360015,SP98,2026-05-12,2026-05-18
69360015,SP98,2026-05-19,2026-05-27
69360015,SP98,2026-05-31,2026-06-02
69360015,SP98,2026-06-08,2026-06-08
69360015,SP98,2026-06-09,2026-06-09
69360015,SP98,2026-06-21,2026-06-22
69360015,SP98,2026-07-24,2026-07-27
69360015,SP98,2026-08-01,2026-08-04
69360015,SP98,2026-08-04,2026-08-06
69360015,SP98,2026-08-07,2026-08-10
69360015,SP98,2026-08-11,2026-08-11
69360015,SP98,2026-08-13,2026-08-14
69360015,SP98,2026-08-15,2026-08-17
69360015,SP98,2026-08-18,2026-08-20
69360015,SP98,2026-08-20,2026-08-22
69360015,SP98,2026-08-24,2026-08-24
69360015,SP98,2026-08-27,2026-08-29
69360015,SP98,2026-09-04,2026-09-08
69360015,SP98,2026-09-10,2026-09-10
69360015,SP98,2026-09-11,2026-09-12
69360015,SP98,2026-09-14,2026-09-17
69360015,SP98,2026-09-17,
69360017,SP95,2018-10-19,
69360018,GPLc,2026-02-25,2026-03-09
69360018,SP95,2020-02-18,
69370001,SP95,2011-05-30,
69370002,E10,2025-04-22,2025-04-22
69370002,E10,2025-06-09,2025-06-10
69370002,E10,2026-04-03,2026-04-07
69370002,E10,2026-04-08,2026-04-17
69370002,E10,2026-04-30,2026-05-04
69370002,E10,2026-05-04,2026-05-06
69370002,E10,2026-05-07,2026-05-12
69370002,E10,2026-05-14,2026-05-18
69370002,E10,2026-05-20,2026-05-21
69370002,E10,2026-05-22,2026-05-30
69370002,E10,2026-05-31,2026-06-03
69370002,E10,2026-06-07,2026-06-10
69370002,E10,2026-06-21,2026-06-25
69370002,E10,2026-07-12,2026-07-13
69370002,E10,2026-07-26,2026-07-29
69370002,E10,2026-08-02,2026-08-06
69370002,E10,2026-08-08,2026-08-10
69370002,E10,2026-08-17,2026-08-18
69370002,E10,2026-08-23,2026-08-25
69370002,E10,2026-08-29,2026-08-31
69370002,E10,2026-09-03,2026-09-03
69370002,E10,2026-09-06,2026-09-08
69370002,E10,2026-09-08,2026-09-09
69370002,E10,2026-09-11,2026-09-11
69370002,E10,2026-09-12,2026-09-14
69370002,E10,2026-09-15,2026-09-15
69370002,E10,2026-09-16,2026-09-17
69370002,E85,2026-04-03,2026-04-07
69370002,E85,2026-05-11,2026-05-13
69370002,E85,2026-05-20,2026-05-30
69370002,GPLc,2022-09-14,
69370002,Gazole,2026-04-03,2026-04-07
69370002,Gazole,2026-04-08,2026-04-17
69370002,SP95,2022-10-24,2026-07-13
69370002,SP95,2026-07-19,2026-07-22
69370002,SP95,2026-08-08,2026-08-10
69370002,SP95,2026-08-17,2026-08-18
69370002,SP95,2026-08-23,2026-08-25
69370002,SP95,2026-08-26,2026-09-14
69370002,SP95,2026-09-15,2026-09-15
69370002,SP95,2026-09-16,2026-09-17
69370002,SP98,2025-04-22,2025-04-22
69370002,SP98,2025-06-09,2025-06-10
69370002,SP98,2026-04-03,2026-04-07
69370002,SP98,2026-04-08,2026-04-17
69370002,SP98,2026-04-30,2026-05-06
69370002,SP98,2026-05-07,2026-05-13
69370002,SP98,2026-05-14,2026-05-18
69370002,SP98,2026-05-18,2026-05-30
69370002,SP98,2026-05-31,2026-06-03
69370002,SP98,2026-06-07,2026-06-10
69370002,SP98,2026-06-14,2026-06-18
69370002,SP98,2026-06-21,2026-06-25
69370002,SP98,2026-07-26,2026-07-29
69370002,SP98,2026-08-02,2026-08-06
69370002,SP98,2026-08-08,2026-08-10
69370002,SP98,2026-08-12,2026-08-18
69370002,SP98,2026-08-18,2026-08-21
69370002,SP98,2026-08-22,2026-08-25
69370002,SP98,2026-08-26,2026-08-26
69370002,SP98,2026-08-27,2026-08-28
69370002,SP98,2026-08-28,2026-08-31
69370002,SP98,2026-09-01,2026-09-03
69370002,SP98,2026-09-05,2026-09-08
69370002,SP98,2026-09-09,2026-09-11
69370002,SP98,2026-09-11,2026-09-11
69370002,SP98,2026-09-12,2026-09-14
69370002,SP98,2026-09-15,2026-09-15
69370002,SP98,2026-09-16,2026-09-17
69370002,SP98,2026-09-17,
69370003,GPLc,2016-12-15,
69370003,SP95,2016-12-15,
69380004,E85,2017-04-27,
69380004,E85,2017-08-29,
69380004,GPLc,2017-04-27,
69380004,GPLc,2017-08-29,
69380007,E10,2025-05-30,2025-05-30
69380007,E85,2017-09-05,
69380007,GPLc,2017-09-05,
69390001,E10,2017-09-01,
69390001,E85,2017-09-01,
69390001,GPLc,2017-09-01,
69390001,Gazole,2026-04-01,2026-04-01
69390001,Gazole,2026-04-03,2026-04-07
69390001,Gazole,2026-04-07,2026-04-07
69390001,Gazole,2026-04-08,2026-04-08
69390001,Gazole,2026-04-11,2026-04-13
69390001,Gazole,2026-04-22,2026-04-22
69390001,Gazole,2026-04-30,2026-05-04
69390001,Gazole,2026-05-10,2026-05-11
69390001,Gazole,2026-05-17,2026-05-18
69390001,Gazole,2026-05-22,2026-05-26
69390001,Gazole,2026-07-31,2026-08-25
69390001,SP95,2026-03-24,2026-03-24
69390001,SP95,2026-03-26,2026-03-26
69390001,SP95,2026-03-27,2026-03-30
69390001,SP95,2026-03-31,2026-04-01
69390001,SP95,2026-04-01,2026-04-01
69390001,SP95,2026-04-02,2026-04-03
69390001,SP95,2026-04-03,2026-04-07
69390001,SP95,2026-04-07,2026-04-07
69390001,SP95,2026-04-09,2026-04-10
69390001,SP95,2026-04-11,2026-04-13
69390001,SP95,2026-04-13,2026-04-14
69390001,SP95,2026-04-14,2026-04-15
69390001,SP95,2026-04-17,2026-04-20
69390001,SP95,2026-04-21,2026-04-22
69390001,SP95,2026-04-22,2026-04-22
69390001,SP95,2026-04-23,2026-04-27
69390001,SP95,2026-04-28,2026-04-28
69390001,SP95,2026-04-29,2026-04-30
69390001,SP95,2026-04-30,2026-04-30
69390001,SP95,2026-05-04,2026-05-05
69390001,SP95,2026-05-05,2026-05-06
69390001,SP95,2026-05-07,2026-05-07
69390001,SP95,2026-05-08,2026-05-11
69390001,SP95,2026-05-11,2026-05-12
69390001,SP95,2026-05-12,2026-05-13
69390001,SP95,2026-05-13,2026-05-18
69390001,SP95,2026-05-18,2026-05-19
69390001,SP95,2026-05-20,2026-05-21
69390001,SP95,2026-05-22,2026-05-27
69390001,SP95,2026-05-27,2026-06-01
69390001,SP95,2026-06-01,2026-06-02
69390001,SP95,2026-06-04,2026-06-05
69390001,SP95,2026-06-11,2026-06-12
69390001,SP95,2026-06-20,2026-06-22
69390001,SP95,2026-06-26,2026-07-15
69390001,SP95,2026-07-31,2026-08-25
69390001,SP95,2026-08-28,2026-08-31
69390001,SP95,2026-09-02,2026-09-02
69390001,SP95,2026-09-03,2026-09-04
69390001,SP95,2026-09-08,2026-09-09
69390001,SP95,2026-09-09,2026-09-15
69390001,SP95,2026-09-15,2026-09-17
69390001,SP98,2017-09-01,
69390002,E10,2021-06-22,
69390002,E85,2018-07-05,
69390002,GPLc,2018-07-05,
69390002,SP95,2025-02-01,2025-02-03
69390002,SP95,2025-02-17,2025-02-17
69390002,SP95,2025-02-25,2025-02-25
69390002,SP95,2025-05-13,2025-05-13
69390002,SP95,2025-05-30,2025-05-30
69390002,SP95,2025-06-07,2025-06-07
69390002,SP95,2025-06-10,2025-06-10
69390002,SP95,2025-06-11,2025-06-11
69390002,SP95,2025-07-07,2025-07-07
69390002,SP95,2025-07-21,2025-07-21
69390002,SP98,2018-07-05,
69390003,E85,2017-10-03,
69390003,GPLc,2017-10-03,
69390003,SP95,2009-12-23,
69390005,E10,2025-07-15,2025-07-15
69390005,E85,2026-04-28,2026-04-30
69390005,GPLc,2022-05-31,
69390005,SP95,2022-05-31,
69390005,SP98,2025-07-15,2025-07-15
69390008,E10,2025-09-10,
69390008,E85,2025-09-10,
69390008,GPLc,2025-09-10,
69390008,Gazole,2026-03-30,2026-03-30
69390008,Gazole,2026-04-01,2026-04-02
69390008,Gazole,2026-04-03,2026-04-07
69390008,Gazole,2026-04-07,2026-04-08
69390008,Gazole,2026-04-09,2026-04-10
69390008,Gazole,2026-04-20,2026-04-20
69390008,Gazole,2026-05-04,2026-05-04
69390008,Gazole,2026-05-09,2026-05-11
69390008,Gazole,2026-05-19,2026-05-19
69390008,Gazole,2026-05-26,2026-05-26
69390008,Gazole,2026-09-08,2026-09-08
69390008,Gazole,2026-09-14,2026-09-14
69390008,SP95,2026-01-19,2026-01-19
69390008,SP95,2026-03-30,2026-03-30
69390008,SP95,2026-04-01,2026-04-02
69390008,SP95,2026-04-03,2026-04-07
69390008,SP95,2026-04-07,2026-04-08
69390008,SP95,2026-04-09,2026-04-09
69390008,SP95,2026-04-10,2026-04-10
69390008,SP95,2026-04-17,2026-04-18
69390008,SP95,2026-04-20,2026-04-20
69390008,SP95,2026-04-25,2026-04-27
69390008,SP95,2026-04-27,2026-04-28
69390008,SP95,2026-04-29,2026-04-29
69390008,SP95,2026-04-30,2026-04-30
69390008,SP95,2026-05-02,2026-05-04
69390008,SP95,2026-05-04,2026-05-05
69390008,SP95,2026-05-06,2026-05-06
69390008,SP95,2026-05-07,2026-05-07
69390008,SP95,2026-05-09,2026-05-11
69390008,SP95,2026-05-11,2026-05-12
69390008,SP95,2026-05-13,2026-05-13
69390008,SP95,2026-05-16,2026-05-18
69390008,SP95,2026-05-18,2026-05-19
69390008,SP95,2026-05-19,2026-05-20
69390008,SP95,2026-05-20,2026-05-21
69390008,SP95,2026-05-22,2026-05-22
69390008,SP95,2026-05-23,2026-05-26
69390008,SP95,2026-05-27,2026-05-28
69390008,SP95,2026-05-28,2026-05-29
69390008,SP95,2026-05-29,2026-05-30
69390008,SP95,2026-05-30,2026-06-01
69390008,SP95,2026-06-02,2026-06-02
69390008,SP95,2026-06-04,2026-06-04
69390008,SP95,2026-06-05,2026-06-06
69390008,SP95,2026-06-09,2026-06-09
69390008,SP95,2026-06-13,2026-06-16
69390008,SP95,2026-06-19,2026-06-19
69390008,SP95,2026-06-22,2026-06-22
69390008,SP95,2026-06-29,2026-06-29
69390008,SP95,2026-07-08,2026-07-08
69390008,SP95,2026-07-11,2026-07-13
69390008,SP95,2026-07-15,2026-07-15
69390008,SP95,2026-07-16,2026-07-16
69390008,SP95,2026-07-18,2026-07-20
69390008,SP95,2026-07-25,2026-07-27
69390008,SP95,2026-07-29,2026-07-29
69390008,SP95,2026-07-30,2026-07-30
69390008,SP95,2026-07-31,2026-07-31
69390008,SP95,2026-08-01,2026-08-03
69390008,SP95,2026-08-03,2026-08-04
69390008,SP95,2026-08-05,2026-08-05
69390008,SP95,2026-08-07,2026-08-07
69390008,SP95,2026-08-08,2026-08-10
69390008,SP95,2026-08-10,2026-08-11
69390008,SP95,2026-08-11,2026-08-11
69390008,SP95,2026-08-12,2026-08-12
69390008,SP95,2026-08-13,2026-08-14
69390008,SP95,2026-08-14,2026-08-17
69390008,SP95,2026-08-17,2026-08-18
69390008,SP95,2026-08-18,2026-08-18
69390008,SP95,2026-08-19,2026-08-19
69390008,SP95,2026-08-20,2026-08-21
69390008,SP95,2026-08-21,2026-08-21
69390008,SP95,2026-08-24,2026-08-24
69390008,SP95,2026-08-25,2026-08-26
69390008,SP95,2026-08-27,2026-08-28
69390008,SP95,2026-08-29,2026-08-31
69390008,SP95,2026-08-31,2026-09-01
69390008,SP95,2026-09-01,2026-09-02
69390008,SP95,2026-09-03,2026-09-03
69390008,SP95,2026-09-04,2026-09-04
69390008,SP95,2026-09-05,2026-09-07
69390008,SP95,2026-09-07,2026-09-08
69390008,SP95,2026-09-08,2026-09-09
69390008,SP95,2026-09-09,2026-09-10
69390008,SP95,2026-09-10,2026-09-11
69390008,SP95,2026-09-11,2026-09-14
69390008,SP95,2026-09-14,2026-09-15
69390008,SP95,2026-09-16,2026-09-16
69390008,SP95,2026-09-17,2026-09-17
69390008,SP98,2025-09-10,
69410004,E10,2011-09-07,
69410004,E85,2010-06-08,
69410005,E85,2012-08-01,
69410005,GPLc,2012-08-01,
69410005,SP95,2012-08-01,
69410006,SP95,2018-01-17,
69410007,E10,2025-05-26,2025-06-16
69410007,E10,2026-04-10,2026-04-20
69410007,E10,2026-04-27,2026-04-27
69410007,E10,2026-05-04,2026-05-04
69410007,E10,2026-05-12,2026-05-14
69410007,E10,2026-09-11,2026-09-14
69410007,E10,2026-09-16,2026-09-16
69410007,E85,2026-05-12,2026-05-14
69410007,GPLc,2018-07-03,
69410007,Gazole,2026-04-15,2026-04-20
69410007,Gazole,2026-05-04,2026-05-04
69410007,Gazole,2026-05-05,2026-05-06
69410007,Gazole,2026-05-12,2026-05-14
69410007,Gazole,2026-09-11,2026-09-13
69410007,SP95,2018-07-03,
69410007,SP98,2026-04-10,2026-04-20
69410007,SP98,2026-04-27,2026-04-27
69410007,SP98,2026-04-29,2026-05-04
69410007,SP98,2026-05-12,2026-06-01
69410007,SP98,2026-09-11,2026-09-14
69410007,SP98,2026-09-15,2026-09-16
69500001,E85,2011-04-03,
69500001,GPLc,2011-04-03,
69500001,SP95,2011-06-01,
69500002,E85,2017-09-27,
69500002,GPLc,2017-09-27,
69500002,SP98,2018-07-23,
69500003,SP95,2014-07-21,
69500004,SP95,2011-05-31,
69500006,E10,2024-06-24,
69500006,E85,2018-01-03,
69500008,E10,2025-05-15,2025-05-22
69500008,E10,2026-04-05,2026-04-07
69500008,E10,2026-04-07,2026-04-07
69500008,E10,2026-04-08,2026-04-09
69500008,E10,2026-04-09,2026-04-10
69500008,E10,2026-04-11,2026-04-13
69500008,E10,2026-04-14,2026-04-14
69500008,E10,2026-05-03,2026-05-04
69500008,E10,2026-05-18,2026-05-18
69500008,E10,2026-05-25,2026-05-26
69500008,E10,2026-05-27,2026-05-28
69500008,E10,2026-05-31,2026-06-01
69500008,E85,2015-02-17,
69500008,GPLc,2015-02-17,
69500008,Gazole,2026-04-03,2026-04-07
69500008,Gazole,2026-04-07,2026-04-09
69500008,Gazole,2026-04-09,2026-04-10
69500008,Gazole,2026-04-14,2026-04-14
69500008,Gazole,2026-04-19,2026-04-20
69500008,Gazole,2026-04-20,2026-04-21
69500008,Gazole,2026-05-27,2026-05-28
69500008,SP95,2024-05-04,2026-04-07
69500008,SP95,2026-04-07,
69500008,SP98,2025-05-15,2025-05-22
69500008,SP98,2026-03-30,2026-03-31
69500008,SP98,2026-03-31,2026-04-01
69500008,SP98,2026-04-02,2026-04-02
69500008,SP98,2026-04-03,2026-04-07
69500008,SP98,2026-04-07,2026-04-09
69500008,SP98,2026-04-09,2026-04-10
69500008,SP98,2026-04-11,2026-04-13
69500008,SP98,2026-04-14,2026-04-14
69500008,SP98,2026-04-19,2026-04-20
69500008,SP98,2026-04-20,2026-04-21
69500008,SP98,2026-04-22,2026-04-27
69500008,SP98,2026-04-28,2026-04-30
69500008,SP98,2026-05-01,2026-05-04
69500008,SP98,2026-05-08,2026-05-12
69500008,SP98,2026-05-13,2026-05-15
69500008,SP98,2026-05-15,2026-05-15
69500008,SP98,2026-05-18,2026-05-18
69500008,SP98,2026-05-19,2026-05-19
69500008,SP98,2026-05-22,2026-05-22
69500008,SP98,2026-05-25,2026-05-26
69500008,SP98,2026-05-26,2026-05-28
69500008,SP98,2026-05-31,2026-06-01
69500008,SP98,2026-09-08,2026-09-08
69500008,SP98,2026-09-15,
69500009,E10,2025-06-09,2025-06-10
69500009,E10,2026-02-26,2026-02-27
69500009,E10,2026-04-05,2026-04-06
69500009,E10,2026-05-14,2026-05-15
69500009,E10,2026-07-15,2026-07-16
69500009,E10,2026-08-10,2026-08-12
69500009,E10,2026-09-17,2026-09-17
69500009,E85,2026-04-05,2026-04-06
69500009,E85,2026-05-14,2026-05-15
69500009,E85,2026-07-15,2026-07-16
69500009,GPLc,2026-03-26,2026-05-05
69500009,GPLc,2026-06-17,2026-07-10
69500009,GPLc,2026-07-15,2026-07-16
69500009,Gazole,2026-04-05,2026-04-06
69500009,Gazole,2026-04-07,2026-04-08
69500009,Gazole,2026-07-15,2026-07-16
69500009,SP95,2023-01-30,
69500009,SP98,2025-06-09,2025-06-10
69500009,SP98,2026-02-26,2026-02-27
69500009,SP98,2026-04-01,2026-04-01
69500009,SP98,2026-04-03,2026-04-06
69500009,SP98,2026-04-09,2026-04-16
69500009,SP98,2026-05-04,2026-05-05
69500009,SP98,2026-05-06,2026-05-06
69500009,SP98,2026-05-14,2026-05-15
69500009,SP98,2026-07-15,2026-07-16
69500009,SP98,2026-08-10,2026-08-12
69500009,SP98,2026-09-17,2026-09-17
69500010,E85,2018-06-12,
69500010,GPLc,2018-06-12,
69500010,SP95,2018-06-12,
69500011,E85,2019-10-03,
69500011,GPLc,2023-09-06,
69500011,SP98,2019-10-03,
69500012,E85,2024-07-26,2025-09-25
69500012,GPLc,2024-07-26,
69500012,SP95,2024-07-26,
69500013,GPLc,2024-07-12,
69500013,SP95,2024-07-12,
69500013,SP98,2024-07-12,
69510002,E10,2026-04-07,2026-04-07
69510002,GPLc,2017-10-10,
69510002,Gazole,2026-04-07,2026-04-07
69510002,SP95,2022-10-13,
69510002,SP98,2026-04-07,2026-04-07
69510004,E10,2026-03-09,2026-03-09
69510004,E10,2026-03-30,2026-04-01
69510004,E10,2026-04-02,2026-04-07
69510004,E10,2026-04-08,2026-04-09
69510004,E10,2026-04-13,2026-04-14
69510004,E10,2026-04-27,2026-04-27
69510004,E10,2026-05-04,2026-05-04
69510004,E10,2026-05-07,2026-05-11
69510004,E10,2026-05-18,2026-05-18
69510004,E10,2026-05-20,2026-05-21
69510004,E10,2026-05-26,2026-05-26
69510004,E10,2026-05-29,2026-06-01
69510004,E10,2026-08-03,2026-08-03
69510004,E10,2026-09-01,2026-09-02
69510004,E10,2026-09-02,2026-09-03
69510004,E10,2026-09-11,2026-09-14
69510004,E10,2026-09-16,2026-09-16
69510004,E85,2025-04-23,2025-04-23
69510004,E85,2026-03-09,2026-03-09
69510004,E85,2026-03-25,2026-03-25
69510004,E85,2026-04-03,2026-04-07
69510004,E85,2026-04-20,2026-04-21
69510004,E85,2026-04-30,2026-05-04
69510004,E85,2026-05-11,2026-05-18
69510004,E85,2026-05-26,2026-05-29
69510004,E85,2026-07-27,2026-07-29
69510004,GPLc,2021-10-13,
69510004,Gazole,2026-03-27,2026-03-27
69510004,Gazole,2026-03-30,2026-04-07
69510004,Gazole,2026-04-08,2026-04-09
69510004,Gazole,2026-04-10,2026-04-10
69510004,Gazole,2026-04-13,2026-04-14
69510004,Gazole,2026-04-15,2026-04-16
69510004,Gazole,2026-04-20,2026-04-21
69510004,Gazole,2026-04-23,2026-04-23
69510004,Gazole,2026-05-11,2026-05-11
69510004,Gazole,2026-05-26,2026-05-26
69510004,Gazole,2026-06-01,2026-06-01
69510004,Gazole,2026-09-15,2026-09-16
69510004,SP95,2022-12-12,
69510004,SP98,2026-01-19,2026-01-21
69510004,SP98,2026-01-23,2026-01-23
69510004,SP98,2026-03-09,2026-03-09
69510004,SP98,2026-03-25,2026-03-25
69510004,SP98,2026-03-30,2026-04-01
69510004,SP98,2026-04-01,2026-04-07
69510004,SP98,2026-04-08,2026-04-09
69510004,SP98,2026-04-13,2026-04-14
69510004,SP98,2026-04-15,2026-04-17
69510004,SP98,2026-04-20,2026-04-21
69510004,SP98,2026-04-23,2026-04-27
69510004,SP98,2026-04-29,2026-04-29
69510004,SP98,2026-04-30,2026-05-04
69510004,SP98,2026-05-04,2026-05-06
69510004,SP98,2026-05-07,2026-05-11
69510004,SP98,2026-05-12,2026-05-13
69510004,SP98,2026-05-18,2026-05-18
69510004,SP98,2026-05-19,2026-05-27
69510004,SP98,2026-05-28,2026-05-29
69510004,SP98,2026-06-01,2026-06-01
69510004,SP98,2026-06-03,2026-06-05
69510004,SP98,2026-06-08,2026-06-08
69510004,SP98,2026-06-15,2026-06-15
69510004,SP98,2026-07-06,2026-07-08
69510004,SP98,2026-07-27,2026-07-29
69510004,SP98,2026-08-03,2026-08-03
69510004,SP98,2026-08-05,2026-08-05
69510004,SP98,2026-08-07,2026-08-07
69510004,SP98,2026-08-31,2026-09-02
69510004,SP98,2026-09-09,2026-09-14
69510004,SP98,2026-09-15,2026-09-16
69530001,E10,2017-02-10,
69530001,E10,2017-08-31,
69530001,E85,2017-02-10,
69530001,E85,2017-08-31,
69530001,GPLc,2017-02-10,
69530001,GPLc,2017-08-31,
69530001,SP98,2017-02-10,
69530001,SP98,2017-08-31,
69530002,E10,2019-07-09,
69530002,E85,2019-07-09,
69530002,GPLc,2019-07-09,
69530002,Gazole,2025-10-24,2025-10-24
69530002,Gazole,2026-03-05,2026-03-06
69530002,SP95,2025-06-30,2025-07-01
69530002,SP95,2025-10-24,2025-10-24
69530002,SP95,2025-12-28,2025-12-29
69530002,SP95,2026-03-05,2026-03-06
69530002,SP98,2025-03-24,2025-03-25
69530002,SP98,2025-04-14,2025-04-15
69530002,SP98,2025-06-30,2025-07-01
69530002,SP98,2025-08-28,2025-08-29
69530002,SP98,2025-10-24,2025-10-24
69530002,SP98,2025-11-10,2025-11-12
69530002,SP98,2026-03-05,2026-03-06
69540001,E10,2017-08-30,2025-07-02
69540001,E10,2025-07-02,2026-06-24
69540001,E10,2026-06-24,2026-06-29
69540001,E10,2026-07-13,2026-07-15
69540001,E85,2017-08-30,
69540001,GPLc,2017-08-30,
69540001,SP95,2025-06-30,2025-07-02
69540001,SP95,2026-03-02,2026-03-03
69540001,SP95,2026-04-30,2026-05-02
69540001,SP95,2026-06-24,
69540001,SP98,2025-07-02,2025-07-02
69570001,SP95,2009-04-24,
69570002,E10,2025-11-18,2025-11-18
69570002,GPLc,2025-07-11,2025-07-22
69570002,GPLc,2025-08-07,2025-08-12
69570002,GPLc,2026-02-02,2026-02-02
69570002,GPLc,2026-06-30,2026-07-03
69570002,GPLc,2026-08-26,
69570002,Gazole,2025-06-13,2025-06-13
69570002,SP95,2010-09-15,
69570003,SP95,2010-04-07,
69570004,E85,2011-11-10,
69570004,SP95,2011-11-10,
69570005,E10,2025-06-01,2025-06-02
69570005,E10,2025-06-09,2025-06-10
69570005,E10,2025-06-22,2025-06-23
69570005,E10,2025-06-29,2025-06-30
69570005,E10,2025-07-14,2025-07-15
69570005,E10,2025-07-20,2025-07-21
69570005,E10,2025-07-27,2025-07-28
69570005,E10,2025-08-03,2025-08-11
69570005,E10,2025-08-17,2025-08-18
69570005,E10,2025-08-24,2025-08-25
69570005,E10,2025-08-31,2025-09-01
69570005,E10,2025-09-20,2025-09-24
69570005,E10,2025-10-12,2025-10-13
69570005,E10,2025-11-02,2025-11-03
69570005,E10,2026-01-04,2026-01-05
69570005,E10,2026-01-05,2026-01-07
69570005,E10,2026-02-22,2026-02-23
69570005,E10,2026-02-28,2026-02-28
69570005,E10,2026-03-01,2026-03-02
69570005,E10,2026-03-08,2026-03-09
69570005,E10,2026-03-29,2026-03-30
69570005,E10,2026-04-05,2026-04-06
69570005,E10,2026-04-19,2026-04-20
69570005,E10,2026-04-26,2026-04-27
69570005,E10,2026-05-01,2026-05-04
69570005,E10,2026-05-18,2026-05-18
69570005,E10,2026-05-24,2026-05-25
69570005,E10,2026-05-26,2026-05-26
69570005,E10,2026-05-28,2026-05-28
69570005,E10,2026-05-31,2026-06-03
69570005,E10,2026-06-07,2026-06-08
69570005,E10,2026-06-12,2026-06-13
69570005,E10,2026-06-14,2026-06-15
69570005,E10,2026-06-21,2026-06-22
69570005,E10,2026-06-28,2026-06-29
69570005,E10,2026-06-30,2026-06-30
69570005,E10,2026-07-05,2026-07-06
69570005,E10,2026-07-12,2026-07-13
69570005,E10,2026-07-19,2026-07-20
69570005,E10,2026-07-26,2026-07-27
69570005,E10,2026-08-02,2026-08-03
69570005,E10,2026-08-09,2026-08-10
69570005,E10,2026-08-14,2026-08-15
69570005,E10,2026-08-16,2026-08-17
69570005,E10,2026-08-22,2026-08-22
69570005,E10,2026-08-23,2026-08-24
69570005,E10,2026-08-27,2026-08-27
69570005,E10,2026-08-30,2026-08-31
69570005,E10,2026-09-06,2026-09-07
69570005,E10,2026-09-13,2026-09-15
69570005,E85,2019-10-01,
69570005,GPLc,2026-04-29,2026-04-30
69570005,Gazole,2026-04-03,2026-04-03
69570005,Gazole,2026-04-07,2026-04-08
69570005,SP95,2025-06-10,2026-04-26
69570005,SP95,2026-04-26,2026-04-27
69570005,SP95,2026-05-18,2026-05-18
69570005,SP95,2026-05-24,2026-05-25
69570005,SP95,2026-05-28,2026-05-28
69570005,SP95,2026-05-31,2026-06-03
69570005,SP95,2026-06-07,2026-06-08
69570005,SP95,2026-06-14,2026-06-15
69570005,SP95,2026-06-30,2026-06-30
69570005,SP95,2026-07-26,2026-07-27
69570005,SP95,2026-08-01,2026-08-02
69570005,SP95,2026-08-14,2026-08-15
69570005,SP95,2026-08-30,2026-08-31
69570005,SP95,2026-09-06,2026-09-07
69570005,SP95,2026-09-13,2026-09-15
69570005,SP98,2025-08-24,2025-08-25
69570005,SP98,2026-01-04,2026-01-05
69570005,SP98,2026-04-05,2026-04-06
69570005,SP98,2026-04-19,2026-04-20
69570005,SP98,2026-04-26,2026-04-27
69570005,SP98,2026-05-01,2026-05-04
69570005,SP98,2026-05-14,2026-05-18
69570005,SP98,2026-05-18,2026-05-18
69570005,SP98,2026-05-24,2026-05-25
69570005,SP98,2026-05-26,2026-05-26
69570005,SP98,2026-05-28,2026-05-28
69570005,SP98,2026-05-31,2026-06-03
69570005,SP98,2026-06-07,2026-06-08
69570005,SP98,2026-06-13,2026-06-13
69570005,SP98,2026-06-14,2026-06-15
69570005,SP98,2026-07-19,2026-07-20
69570005,SP98,2026-07-25,2026-07-26
69570005,SP98,2026-07-26,2026-07-27
69570005,SP98,2026-08-02,2026-08-03
69570005,SP98,2026-08-09,2026-08-10
69570005,SP98,2026-08-14,2026-08-15
69570005,SP98,2026-08-16,2026-08-17
69570005,SP98,2026-08-22,2026-08-22
69570005,SP98,2026-08-23,2026-08-24
69570005,SP98,2026-08-27,2026-08-27
69570005,SP98,2026-08-29,2026-08-29
69570005,SP98,2026-08-30,2026-08-31
69570005,SP98,2026-09-06,2026-09-07
69570005,SP98,2026-09-13,2026-09-15
69571001,E10,2026-03-07,2026-03-09
69571001,E85,2018-01-02,2025-06-03
69571001,GPLc,2025-08-20,2025-09-04
69571001,GPLc,2025-09-04,2025-09-05
69571001,SP95,2025-06-05,
69571001,SP98,2026-04-07,2026-04-08
69600002,E10,2025-04-22,2025-04-22
69600002,E10,2025-06-09,2025-06-10
69600002,E10,2025-07-15,2025-07-15
69600002,E10,2026-03-03,2026-03-03
69600002,E10,2026-03-04,2026-03-04
69600002,E10,2026-03-07,2026-03-09
69600002,E10,2026-04-07,2026-04-07
69600002,E10,2026-04-14,2026-04-14
69600002,E10,2026-04-23,2026-04-23
69600002,E10,2026-05-02,2026-05-04
69600002,E10,2026-07-06,2026-07-07
69600002,E85,2018-07-06,
69600002,GPLc,2018-07-06,
69600002,Gazole,2026-03-03,2026-03-03
69600002,Gazole,2026-03-04,2026-03-04
69600002,Gazole,2026-03-07,2026-03-09
69600002,SP95,2021-11-13,
69600002,SP98,2025-07-15,2025-07-15
69600002,SP98,2026-03-03,2026-03-03
69600002,SP98,2026-03-04,2026-03-04
69600002,SP98,2026-03-07,2026-03-09
69600002,SP98,2026-04-07,2026-04-07
69600002,SP98,2026-07-06,2026-07-07
69600004,E85,2018-08-10,
69600004,GPLc,2018-08-10,
69670001,SP95,2011-08-03,
69670002,E10,2026-04-07,2026-04-08
69670002,GPLc,2024-03-05,
69670002,SP95,2024-03-05,
69672001,E10,2024-06-25,
69672001,GPLc,2017-11-13,
69672001,SP95,2024-01-31,
69672001,SP98,2024-01-31,
69680002,E10,2018-12-07,
69680002,E85,2018-12-03,
69680002,GPLc,2018-12-03,
69680002,SP95,2025-11-01,2025-11-03
69680002,SP95,2026-03-03,2026-03-03
69680002,SP95,2026-04-27,2026-04-28
69680002,SP95,2026-08-03,2026-08-03
69680002,SP98,2026-03-03,2026-03-03
69680002,SP98,2026-07-13,2026-07-17
69680002,SP98,2026-08-03,2026-08-03
69680003,GPLc,2017-09-28,
69680003,SP95,2023-05-16,
69680003,SP98,2023-05-16,
69730002,E85,2022-07-14,2026-06-18
69730002,GPLc,2022-07-14,2026-06-18
69730002,GPLc,2026-06-24,2026-06-27
69740001,SP95,2010-10-18,
69740002,E10,2025-01-06,2025-01-07
69740002,E10,2025-01-08,2025-01-09
69740002,E10,2025-01-29,2025-01-30
69740002,E10,2025-03-03,2025-03-04
69740002,E10,2025-03-17,2025-03-18
69740002,E10,2025-05-19,2025-05-20
69740002,E10,2026-04-07,2026-04-08
69740002,E85,2022-08-09,
69740002,GPLc,2022-08-09,
69740002,Gazole,2025-01-06,2025-01-07
69740002,Gazole,2025-01-08,2025-01-09
69740002,Gazole,2025-02-03,2025-02-04
69740002,Gazole,2025-02-20,2025-02-21
69740002,Gazole,2025-02-26,2025-02-27
69740002,Gazole,2025-03-03,2025-03-04
69740002,Gazole,2025-03-17,2025-03-18
69740002,Gazole,2025-03-31,2025-04-01
69740002,Gazole,2025-04-03,2025-04-04
69740002,Gazole,2025-04-09,2025-04-10
69740002,Gazole,2025-04-29,2025-04-30
69740002,Gazole,2025-05-19,2025-05-20
69740002,Gazole,2025-06-02,2025-06-03
69740002,Gazole,2025-06-05,2025-06-06
69740002,Gazole,2025-06-10,2025-06-11
69740002,Gazole,2025-06-16,2025-06-17
69740002,Gazole,2025-06-24,2025-06-25
69740002,Gazole,2025-07-09,2025-07-10
69740002,Gazole,2025-08-25,2025-08-26
69740002,Gazole,2025-10-13,2025-10-14
69740002,Gazole,2026-04-07,2026-04-08
69740002,SP95,2022-08-09,
69740002,SP98,2024-12-23,2025-01-02
69740002,SP98,2025-01-06,2025-01-09
69740002,SP98,2025-01-20,2025-01-21
69740002,SP98,2025-02-03,2025-02-04
69740002,SP98,2025-03-03,2025-03-04
69740002,SP98,2025-03-17,2025-03-18
69740002,SP98,2025-04-07,2025-04-08
69740002,SP98,2025-05-19,2025-05-20
69740002,SP98,2025-06-10,2025-06-11
69740002,SP98,2025-06-24,2025-06-25
69740002,SP98,2025-07-01,2025-07-02
69740002,SP98,2025-12-02,2025-12-03
69740002,SP98,2026-01-09,2026-01-13
69740002,SP98,2026-01-19,2026-01-21
69740002,SP98,2026-01-29,2026-02-02
69740002,SP98,2026-03-16,2026-03-17
69740002,SP98,2026-03-25,2026-03-26
69740002,SP98,2026-04-07,2026-04-08
69740002,SP98,2026-05-26,2026-05-28
69740002,SP98,2026-08-24,2026-08-25
69740002,SP98,2026-09-02,2026-09-02
69760001,E10,2017-11-08,
69760001,E85,2017-11-08,
69760001,GPLc,2017-11-08,
69760001,Gazole,2024-06-28,
69760001,SP95,2024-06-28,
69760001,SP98,2017-11-08,
69800002,E85,2014-02-06,
69800002,GPLc,2014-02-06,
69800002,SP95,2011-06-01,
69800003,E85,2010-10-21,
69800003,GPLc,2014-04-19,
69800003,SP95,2011-11-03,
69800003,SP98,2013-09-13,
69800004,SP95,2014-09-19,
69800005,E10,2012-12-24,
69800005,E85,2012-12-24,
69800005,GPLc,2012-12-24,
69800005,Gazole,2012-12-24,
69800005,SP95,2011-10-12,
69800006,SP98,2016-07-20,
69800007,E85,2010-02-24,
69800007,SP95,2010-02-24,
69800008,E10,2012-03-03,
69800008,E85,2012-11-02,
69800009,SP95,2010-10-25,
69800010,E10,2018-03-15,
69800010,E85,2017-11-25,
69800010,GPLc,2017-09-09,
69800010,Gazole,2026-03-25,2026-03-25
69800010,SP98,2025-07-07,2025-07-08
69800010,SP98,2025-07-15,2025-07-23
69800010,SP98,2026-04-04,2026-04-07
69800012,E85,2017-09-27,
69800012,SP95,2017-09-27,
69800014,E85,2015-02-17,
69800014,GPLc,2015-02-17,
69800014,SP95,2015-02-17,
69800014,SP98,2015-02-17,
69800015,E10,2025-07-14,2025-07-18
69800015,E10,2025-07-21,2025-07-22
69800015,E10,2025-09-01,2025-09-01
69800015,E10,2025-09-15,2025-09-15
69800015,E10,2025-09-29,2025-09-29
69800015,E10,2025-10-01,2025-10-01
69800015,E10,2025-10-05,2025-10-06
69800015,E10,2025-11-03,2025-11-03
69800015,E10,2026-01-05,2026-01-05
69800015,E10,2026-04-01,2026-04-09
69800015,E10,2026-04-15,2026-04-16
69800015,E10,2026-04-20,2026-04-20
69800015,E10,2026-04-21,2026-04-22
69800015,E10,2026-05-02,2026-05-04
69800015,E10,2026-05-08,2026-05-09
69800015,E10,2026-05-12,2026-05-13
69800015,E10,2026-05-21,2026-05-22
69800015,E10,2026-05-24,2026-05-25
69800015,E10,2026-05-26,2026-05-27
69800015,E10,2026-05-28,2026-05-30
69800015,E10,2026-05-31,2026-06-01
69800015,E10,2026-06-01,2026-06-02
69800015,E10,2026-06-04,2026-06-04
69800015,E10,2026-06-07,2026-06-08
69800015,E10,2026-06-15,2026-06-16
69800015,E10,2026-07-12,2026-07-13
69800015,E10,2026-07-27,2026-07-27
69800015,E10,2026-08-07,2026-08-10
69800015,E10,2026-08-17,2026-08-18
69800015,E10,2026-08-24,2026-08-25
69800015,E10,2026-08-29,2026-08-31
69800015,E10,2026-08-31,2026-09-01
69800015,E10,2026-09-11,2026-09-14
69800015,E10,2026-09-16,2026-09-17
69800015,E85,2026-04-02,2026-04-09
69800015,E85,2026-04-27,2026-04-27
69800015,E85,2026-04-30,2026-05-04
69800015,E85,2026-05-06,2026-05-06
69800015,E85,2026-05-11,2026-05-13
69800015,E85,2026-05-13,2026-05-21
69800015,E85,2026-05-21,2026-05-21
69800015,E85,2026-05-22,2026-05-28
69800015,E85,2026-07-14,2026-07-16
69800015,E85,2026-08-07,2026-08-10
69800015,E85,2026-08-17,2026-08-18
69800015,E85,2026-08-29,2026-08-31
69800015,E85,2026-09-12,2026-09-15
69800015,GPLc,2019-03-26,
69800015,Gazole,2026-04-01,2026-04-09
69800015,Gazole,2026-04-20,2026-04-20
69800015,Gazole,2026-04-21,2026-04-22
69800015,SP95,2019-03-26,
69800015,SP98,2025-10-06,2025-10-06
69800015,SP98,2026-03-23,2026-03-23
69800015,SP98,2026-03-30,2026-03-31
69800015,SP98,2026-04-01,2026-04-09
69800015,SP98,2026-04-15,2026-04-16
69800015,SP98,2026-04-20,2026-04-20
69800015,SP98,2026-04-21,2026-04-22
69800015,SP98,2026-04-27,2026-04-27
69800015,SP98,2026-04-30,2026-04-30
69800015,SP98,2026-05-01,2026-05-04
69800015,SP98,2026-05-05,2026-05-06
69800015,SP98,2026-05-08,2026-05-09
69800015,SP98,2026-05-10,2026-05-11
69800015,SP98,2026-05-12,2026-05-13
69800015,SP98,2026-05-14,2026-05-16
69800015,SP98,2026-05-17,2026-05-18
69800015,SP98,2026-05-19,2026-05-28
69800015,SP98,2026-05-30,2026-06-01
69800015,SP98,2026-06-01,2026-06-02
69800015,SP98,2026-06-02,2026-06-03
69800015,SP98,2026-06-04,2026-06-04
69800015,SP98,2026-06-07,2026-06-08
69800015,SP98,2026-07-12,2026-07-13
69800015,SP98,2026-07-15,2026-07-16
69800015,SP98,2026-07-26,2026-07-27
69800015,SP98,2026-07-27,2026-07-28
69800015,SP98,2026-08-02,2026-08-04
69800015,SP98,2026-08-05,2026-08-10
69800015,SP98,2026-08-12,2026-08-14
69800015,SP98,2026-08-14,2026-08-19
69800015,SP98,2026-08-21,2026-08-26
69800015,SP98,2026-08-28,2026-08-31
69800015,SP98,2026-08-31,2026-09-01
69800015,SP98,2026-09-01,2026-09-02
69800015,SP98,2026-09-05,2026-09-07
69800015,SP98,2026-09-07,2026-09-08
69800015,SP98,2026-09-11,2026-09-14
69800015,SP98,2026-09-16,
69800016,E10,2026-04-01,2026-04-01
69800016,E10,2026-04-05,2026-04-07
69800016,E10,2026-04-12,2026-04-13
69800016,E10,2026-04-20,2026-04-20
69800016,E10,2026-05-04,2026-05-05
69800016,E10,2026-05-25,2026-05-26
69800016,E10,2026-05-27,2026-05-27
69800016,E10,2026-06-01,2026-06-01
69800016,E10,2026-06-08,2026-06-08
69800016,E10,2026-09-14,2026-09-14
69800016,E85,2022-10-06,
69800016,GPLc,2022-10-06,
69800016,Gazole,2026-04-01,2026-04-01
69800016,Gazole,2026-04-03,2026-04-04
69800016,Gazole,2026-04-05,2026-04-07
69800016,Gazole,2026-04-11,2026-04-13
69800016,Gazole,2026-04-20,2026-04-20
69800016,Gazole,2026-05-04,2026-05-04
69800016,Gazole,2026-05-11,2026-05-11
69800016,Gazole,2026-05-26,2026-05-26
69800016,SP95,2023-03-24,
69800016,SP98,2026-04-01,2026-04-03
69800016,SP98,2026-04-03,2026-04-04
69800016,SP98,2026-04-05,2026-04-08
69800016,SP98,2026-04-11,2026-04-13
69800016,SP98,2026-04-14,2026-04-15
69800016,SP98,2026-04-20,2026-04-20
69800016,SP98,2026-04-25,2026-04-30
69800016,SP98,2026-05-03,2026-05-05
69800016,SP98,2026-05-06,2026-05-07
69800016,SP98,2026-05-08,2026-05-10
69800016,SP98,2026-05-11,2026-05-11
69800016,SP98,2026-05-12,2026-05-13
69800016,SP98,2026-05-14,2026-05-19
69800016,SP98,2026-05-25,2026-05-27
69800016,SP98,2026-05-30,2026-06-01
69800016,SP98,2026-06-03,2026-06-03
69800016,SP98,2026-06-07,2026-06-08
69800016,SP98,2026-08-17,2026-08-17
69800016,SP98,2026-08-25,2026-08-26
69800016,SP98,2026-08-28,2026-09-02
69800016,SP98,2026-09-06,2026-09-07
69800016,SP98,2026-09-11,2026-09-14
69800016,SP98,2026-09-15,2026-09-15
69800016,SP98,2026-09-17,
69800017,E10,2026-04-01,2026-04-03
69800017,E10,2026-04-03,2026-04-07
69800017,E10,2026-09-17,2026-09-17
69800017,E85,2022-09-26,
69800017,GPLc,2026-04-17,
69800017,Gazole,2026-04-01,2026-04-03
69800017,Gazole,2026-04-03,2026-04-07
69800017,Gazole,2026-04-21,2026-04-23
69800017,SP95,2022-09-26,
69800017,SP98,2026-04-01,2026-04-03
69800017,SP98,2026-04-03,2026-04-07
69800017,SP98,2026-09-17,
69800020,E85,2022-03-03,
69800020,SP95,2022-03-03,
69800021,E10,2022-10-17,
69800021,Gazole,2022-10-17,
69800021,SP98,2022-10-17,
69800022,E10,2022-10-17,
69800022,Gazole,2022-10-17,
69803001,E10,2026-03-07,2026-03-09
69803001,E10,2026-07-08,2026-07-08
69803001,E85,2016-10-17,
69803001,GPLc,2026-07-08,2026-07-08
69803001,Gazole,2026-07-08,2026-07-08
69803001,SP95,2016-10-17,
69803001,SP98,2026-03-07,2026-03-09
69803001,SP98,2026-07-08,2026-07-08
69882001,E85,2017-08-29,
69882001,GPLc,2017-08-29,
69882001,SP98,2020-02-07,
69960004,SP95,2012-06-12,
69960005,E10,2019-12-28,
69960005,E85,2018-03-26,
69960005,GPLc,2018-03-26,
69960005,Gazole,2019-12-28,
69960005,SP95,2018-03-26,
69960005,SP98,2019-12-20,
69960006,E10,2026-02-19,2026-02-24
69960006,E10,2026-03-31,2026-04-02
69960006,E10,2026-04-07,2026-04-10
69960006,E10,2026-04-15,2026-04-16
69960006,E10,2026-05-05,2026-05-06
69960006,E10,2026-05-26,2026-05-29
69960006,E10,2026-09-16,
69960006,E85,2026-03-31,2026-04-02
69960006,E85,2026-04-07,2026-04-10
69960006,E85,2026-04-15,2026-04-16
69960006,E85,2026-04-23,2026-04-28
69960006,E85,2026-05-19,2026-05-20
69960006,E85,2026-05-26,2026-05-29
69960006,GPLc,2021-03-25,
69960006,Gazole,2026-03-30,2026-03-31
69960006,Gazole,2026-03-31,2026-04-07
69960006,Gazole,2026-04-07,2026-04-10
69960006,Gazole,2026-04-15,2026-04-16
69960006,Gazole,2026-05-11,2026-05-12
69960006,Gazole,2026-05-26,2026-05-29
69960006,SP95,2021-03-25,2026-05-26
69960006,SP95,2026-07-30,
69960006,SP98,2026-03-30,2026-03-31
69960006,SP98,2026-03-31,2026-04-02
69960006,SP98,2026-04-02,2026-04-07
69960006,SP98,2026-04-07,2026-04-10
69960006,SP98,2026-04-13,2026-04-13
69960006,SP98,2026-04-15,2026-04-16
69960006,SP98,2026-04-21,2026-04-22
69960006,SP98,2026-04-23,2026-04-28
69960006,SP98,2026-04-29,2026-05-06
69960006,SP98,2026-05-11,2026-05-19
69960006,SP98,2026-05-20,2026-05-29
69960006,SP98,2026-06-08,2026-06-24
69960006,SP98,2026-09-07,2026-09-09
69960006,SP98,2026-09-11,
69970001,E10,2025-11-19,2025-11-21
69970001,E10,2025-12-20,2025-12-23
69970001,GPLc,2017-09-26,
