day,fuel,ceiling,nat_n,nat_cap,nat_below,loc_n,loc_cap,loc_below
2025-01-01,E10,1.99,1807,0,1733,150,0,148
2025-01-01,Gazole,2.25,1876,0,1876,151,0,151
2025-01-01,SP98,1.99,1759,65,1571,150,1,133
2025-01-02,E10,1.99,3563,0,3489,182,0,181
2025-01-02,Gazole,2.25,3964,0,3964,182,0,182
2025-01-02,SP98,1.99,3370,68,3125,181,1,155
2025-01-03,E10,1.99,4979,0,4898,218,0,216
2025-01-03,Gazole,2.25,5849,0,5849,219,0,219
2025-01-03,SP98,1.99,4814,108,4464,217,34,145
2025-01-04,E10,1.99,5347,0,5264,225,0,223
2025-01-04,Gazole,2.25,6361,0,6361,227,0,227
2025-01-04,SP98,1.99,5209,116,4826,223,37,143
2025-01-05,E10,1.99,5381,0,5298,225,0,223
2025-01-05,Gazole,2.25,6410,0,6410,227,0,227
2025-01-05,SP98,1.99,5249,116,4865,223,37,143
2025-01-06,E10,1.99,6050,0,5969,229,0,227
2025-01-06,Gazole,2.25,7299,0,7299,234,0,234
2025-01-06,SP98,1.99,6012,121,5610,230,37,150
2025-01-07,E10,1.99,6488,1,6404,230,0,228
2025-01-07,Gazole,2.25,7882,0,7882,237,0,237
2025-01-07,SP98,1.99,6515,157,6049,232,56,129
2025-01-08,E10,1.99,6668,3,6581,231,1,229
2025-01-08,Gazole,2.25,8160,0,8160,239,0,239
2025-01-08,SP98,1.99,6750,163,6272,233,56,131
2025-01-09,E10,1.99,6790,3,6701,233,1,231
2025-01-09,Gazole,2.25,8353,0,8353,239,0,239
2025-01-09,SP98,1.99,6921,167,6438,233,56,130
2025-01-10,E10,1.99,6895,2,6802,233,0,231
2025-01-10,Gazole,2.25,8556,0,8556,239,0,239
2025-01-10,SP98,1.99,7102,167,6615,233,54,132
2025-01-11,E10,1.99,6944,2,6848,239,0,237
2025-01-11,Gazole,2.25,8694,0,8694,246,0,246
2025-01-11,SP98,1.99,7217,175,6708,240,56,129
2025-01-12,E10,1.99,6948,2,6851,239,0,237
2025-01-12,Gazole,2.25,8702,0,8702,246,0,246
2025-01-12,SP98,1.99,7223,176,6711,240,56,128
2025-01-13,E10,1.99,7005,3,6909,241,0,239
2025-01-13,Gazole,2.25,8805,0,8805,247,0,247
2025-01-13,SP98,1.99,7330,180,6812,241,58,127
2025-01-14,E10,1.99,7080,4,6982,245,0,243
2025-01-14,Gazole,2.25,8921,0,8921,252,0,252
2025-01-14,SP98,1.99,7436,197,6875,246,59,125
2025-01-15,E10,1.99,7121,12,7010,245,0,243
2025-01-15,Gazole,2.25,8999,0,8999,253,0,253
2025-01-15,SP98,1.99,7508,216,6913,247,62,120
2025-01-16,E10,1.99,7164,17,7045,245,0,243
2025-01-16,Gazole,2.25,9076,0,9075,254,0,253
2025-01-16,SP98,1.99,7583,240,6947,248,62,118
2025-01-17,E10,1.99,7194,23,7064,245,0,243
2025-01-17,Gazole,2.25,9127,0,9126,254,0,253
2025-01-17,SP98,1.99,7636,271,6942,248,63,115
2025-01-18,E10,1.99,7203,27,7065,245,0,242
2025-01-18,Gazole,2.25,9143,0,9142,254,0,253
2025-01-18,SP98,1.99,7656,284,6948,248,64,115
2025-01-19,E10,1.99,7206,27,7068,245,0,242
2025-01-19,Gazole,2.25,9149,0,9148,254,0,253
2025-01-19,SP98,1.99,7661,283,6952,248,64,115
2025-01-20,E10,1.99,7226,27,7088,245,0,242
2025-01-20,Gazole,2.25,9190,0,9189,255,0,254
2025-01-20,SP98,1.99,7695,293,6971,248,63,114
2025-01-21,E10,1.99,7243,27,7104,245,0,242
2025-01-21,Gazole,2.25,9225,0,9224,255,0,254
2025-01-21,SP98,1.99,7724,318,6966,248,63,114
2025-01-22,E10,1.99,7252,25,7114,246,0,243
2025-01-22,Gazole,2.25,9242,0,9241,255,0,254
2025-01-22,SP98,1.99,7739,323,6978,248,63,115
2025-01-23,E10,1.99,7261,25,7124,246,0,244
2025-01-23,Gazole,2.25,9255,0,9254,255,0,254
2025-01-23,SP98,1.99,7751,310,7003,248,63,115
2025-01-24,E10,1.99,7270,24,7133,246,0,244
2025-01-24,Gazole,2.25,9272,0,9271,255,0,254
2025-01-24,SP98,1.99,7767,307,7021,248,63,116
2025-01-25,E10,1.99,7272,14,7146,246,0,244
2025-01-25,Gazole,2.25,9274,0,9273,255,0,254
2025-01-25,SP98,1.99,7769,287,7045,248,63,116
2025-01-26,E10,1.99,7272,14,7146,246,0,244
2025-01-26,Gazole,2.25,9275,0,9274,255,0,254
2025-01-26,SP98,1.99,7769,287,7045,248,63,116
2025-01-27,E10,1.99,7275,14,7153,246,0,244
2025-01-27,Gazole,2.25,9281,0,9280,255,0,254
2025-01-27,SP98,1.99,7773,283,7052,248,63,116
2025-01-28,E10,1.99,7283,14,7165,246,0,244
2025-01-28,Gazole,2.25,9291,0,9290,255,0,254
2025-01-28,SP98,1.99,7786,264,7103,248,61,118
2025-01-29,E10,1.99,7286,14,7169,246,0,244
2025-01-29,Gazole,2.25,9299,0,9298,255,0,254
2025-01-29,SP98,1.99,7790,249,7129,248,61,121
2025-01-30,E10,1.99,7291,6,7186,246,0,244
2025-01-30,Gazole,2.25,9307,0,9306,255,0,254
2025-01-30,SP98,1.99,7796,233,7157,248,59,127
2025-01-31,E10,1.99,7293,6,7189,246,0,244
2025-01-31,Gazole,2.25,9313,0,9312,255,0,254
2025-01-31,SP98,1.99,7803,231,7161,248,58,127
2025-02-01,E10,1.99,7294,6,7190,246,0,244
2025-02-01,Gazole,2.25,9315,0,9314,255,0,254
2025-02-01,SP98,1.99,7807,229,7168,248,59,126
2025-02-02,E10,1.99,7294,6,7190,246,0,244
2025-02-02,Gazole,2.25,9315,0,9314,255,0,254
2025-02-02,SP98,1.99,7807,229,7168,248,59,126
2025-02-03,E10,1.99,7296,6,7194,246,0,244
2025-02-03,Gazole,2.25,9323,0,9322,255,0,254
2025-02-03,SP98,1.99,7809,230,7171,248,59,126
2025-02-04,E10,1.99,7297,11,7182,246,0,244
2025-02-04,Gazole,2.25,9325,0,9324,255,0,254
2025-02-04,SP98,1.99,7813,234,7173,249,61,123
2025-02-05,E10,1.99,7299,11,7183,246,0,244
2025-02-05,Gazole,2.25,9331,0,9330,255,0,254
2025-02-05,SP98,1.99,7818,236,7177,250,61,123
2025-02-06,E10,1.99,7302,11,7188,246,0,244
2025-02-06,Gazole,2.25,9335,0,9334,255,0,254
2025-02-06,SP98,1.99,7823,234,7176,250,61,123
2025-02-07,E10,1.99,7302,11,7185,246,0,244
2025-02-07,Gazole,2.25,9335,0,9334,255,0,254
2025-02-07,SP98,1.99,7824,231,7189,250,61,123
2025-02-08,E10,1.99,7303,9,7189,246,0,244
2025-02-08,Gazole,2.25,9337,0,9336,255,0,254
2025-02-08,SP98,1.99,7826,230,7191,250,59,125
2025-02-09,E10,1.99,7303,9,7188,246,0,244
2025-02-09,Gazole,2.25,9337,0,9336,255,0,254
2025-02-09,SP98,1.99,7826,230,7191,250,59,125
2025-02-10,E10,1.99,7306,9,7190,246,0,244
2025-02-10,Gazole,2.25,9343,0,9342,255,0,254
2025-02-10,SP98,1.99,7831,231,7192,250,59,124
2025-02-11,E10,1.99,7310,9,7193,246,0,244
2025-02-11,Gazole,2.25,9347,0,9346,255,0,254
2025-02-11,SP98,1.99,7835,240,7177,250,61,120
2025-02-12,E10,1.99,7313,14,7191,246,0,244
2025-02-12,Gazole,2.25,9351,0,9350,255,0,254
2025-02-12,SP98,1.99,7841,265,7146,250,61,120
2025-02-13,E10,1.99,7315,22,7186,246,0,244
2025-02-13,Gazole,2.25,9352,0,9351,255,0,254
2025-02-13,SP98,1.99,7843,272,7149,250,61,119
2025-02-14,E10,1.99,7317,13,7191,246,0,244
2025-02-14,Gazole,2.25,9358,0,9357,255,0,254
2025-02-14,SP98,1.99,7846,249,7172,250,61,117
2025-02-15,E10,1.99,7319,6,7199,246,0,244
2025-02-15,Gazole,2.25,9360,0,9359,255,0,254
2025-02-15,SP98,1.99,7847,245,7183,250,61,118
2025-02-16,E10,1.99,7319,6,7199,246,0,244
2025-02-16,Gazole,2.25,9361,0,9360,255,0,254
2025-02-16,SP98,1.99,7848,243,7188,250,61,119
2025-02-17,E10,1.99,7320,6,7206,246,0,244
2025-02-17,Gazole,2.25,9361,0,9360,255,0,254
2025-02-17,SP98,1.99,7849,238,7197,250,61,119
2025-02-18,E10,1.99,7325,3,7218,246,0,244
2025-02-18,Gazole,2.25,9364,0,9363,255,0,254
2025-02-18,SP98,1.99,7851,222,7225,250,58,126
2025-02-19,E10,1.99,7327,2,7225,246,0,244
2025-02-19,Gazole,2.25,9366,0,9365,255,0,254
2025-02-19,SP98,1.99,7853,213,7236,250,54,131
2025-02-20,E10,1.99,7331,2,7229,246,0,244
2025-02-20,Gazole,2.25,9373,0,9371,255,0,254
2025-02-20,SP98,1.99,7860,211,7249,250,54,131
2025-02-21,E10,1.99,7333,2,7221,246,0,244
2025-02-21,Gazole,2.25,9375,0,9373,255,0,254
2025-02-21,SP98,1.99,7860,211,7251,250,54,131
2025-02-22,E10,1.99,7333,1,7225,246,0,244
2025-02-22,Gazole,2.25,9375,0,9373,255,0,254
2025-02-22,SP98,1.99,7861,213,7251,250,55,130
2025-02-23,E10,1.99,7333,1,7225,246,0,244
2025-02-23,Gazole,2.25,9374,0,9372,255,0,254
2025-02-23,SP98,1.99,7861,213,7252,250,55,130
2025-02-24,E10,1.99,7337,1,7236,246,0,244
2025-02-24,Gazole,2.25,9377,0,9375,256,0,255
2025-02-24,SP98,1.99,7864,212,7257,250,55,132
2025-02-25,E10,1.99,7340,1,7247,246,0,244
2025-02-25,Gazole,2.25,9379,0,9377,256,0,255
2025-02-25,SP98,1.99,7866,187,7296,250,46,144
2025-02-26,E10,1.99,7341,1,7252,246,0,245
2025-02-26,Gazole,2.25,9381,0,9379,256,0,255
2025-02-26,SP98,1.99,7869,176,7312,250,39,154
2025-02-27,E10,1.99,7345,0,7261,246,0,245
2025-02-27,Gazole,2.25,9386,0,9384,256,0,255
2025-02-27,SP98,1.99,7873,157,7354,250,28,169
2025-02-28,E10,1.99,7346,0,7249,247,0,245
2025-02-28,Gazole,2.25,9388,0,9386,257,0,256
2025-02-28,SP98,1.99,7877,145,7386,251,23,178
2025-03-01,E10,1.99,7346,0,7249,247,0,245
2025-03-01,Gazole,2.25,9388,0,9386,257,0,256
2025-03-01,SP98,1.99,7878,128,7408,251,10,193
2025-03-02,E10,1.99,7346,0,7249,247,0,245
2025-03-02,Gazole,2.25,9388,0,9386,257,0,256
2025-03-02,SP98,1.99,7878,128,7412,251,10,194
2025-03-03,E10,1.99,7348,0,7261,247,0,246
2025-03-03,Gazole,2.25,9391,0,9389,257,0,256
2025-03-03,SP98,1.99,7883,124,7420,251,9,195
2025-03-04,E10,1.99,7349,0,7269,247,0,246
2025-03-04,Gazole,2.25,9393,0,9391,257,0,256
2025-03-04,SP98,1.99,7884,119,7431,251,8,197
2025-03-05,E10,1.99,7350,0,7276,247,0,246
2025-03-05,Gazole,2.25,9394,0,9392,257,0,256
2025-03-05,SP98,1.99,7886,115,7445,251,8,199
2025-03-06,E10,1.99,7350,0,7277,247,0,246
2025-03-06,Gazole,2.25,9394,0,9392,257,0,256
2025-03-06,SP98,1.99,7888,106,7462,251,7,201
2025-03-07,E10,1.99,7351,2,7275,247,0,246
2025-03-07,Gazole,2.25,9395,0,9393,257,0,256
2025-03-07,SP98,1.99,7890,85,7499,251,7,205
2025-03-08,E10,1.99,7351,2,7277,247,0,246
2025-03-08,Gazole,2.25,9396,0,9394,257,0,256
2025-03-08,SP98,1.99,7890,63,7539,251,7,208
2025-03-09,E10,1.99,7351,2,7278,247,0,246
2025-03-09,Gazole,2.25,9396,0,9394,257,0,256
2025-03-09,SP98,1.99,7890,62,7540,251,6,209
2025-03-10,E10,1.99,7353,0,7283,247,0,246
2025-03-10,Gazole,2.25,9397,0,9395,257,0,256
2025-03-10,SP98,1.99,7892,61,7550,251,6,210
2025-03-11,E10,1.99,7357,0,7295,247,0,246
2025-03-11,Gazole,2.25,9402,0,9400,257,0,256
2025-03-11,SP98,1.99,7901,49,7598,251,5,214
2025-03-12,E10,1.99,7361,1,7320,247,0,246
2025-03-12,Gazole,2.25,9405,0,9403,257,0,256
2025-03-12,SP98,1.99,7904,43,7625,251,5,221
2025-03-13,E10,1.99,7362,0,7322,247,0,246
2025-03-13,Gazole,2.25,9406,0,9404,257,0,256
2025-03-13,SP98,1.99,7906,40,7638,251,5,222
2025-03-14,E10,1.99,7362,0,7320,247,0,246
2025-03-14,Gazole,2.25,9406,0,9404,257,0,256
2025-03-14,SP98,1.99,7907,39,7649,251,5,223
2025-03-15,E10,1.99,7363,0,7320,247,0,246
2025-03-15,Gazole,2.25,9406,0,9404,257,0,256
2025-03-15,SP98,1.99,7908,40,7650,251,5,221
2025-03-16,E10,1.99,7363,0,7320,247,0,246
2025-03-16,Gazole,2.25,9406,0,9404,257,0,256
2025-03-16,SP98,1.99,7908,39,7650,251,5,221
2025-03-17,E10,1.99,7365,0,7325,247,0,246
2025-03-17,Gazole,2.25,9409,0,9407,257,0,256
2025-03-17,SP98,1.99,7911,38,7658,251,4,223
2025-03-18,E10,1.99,7366,0,7328,247,0,246
2025-03-18,Gazole,2.25,9411,0,9409,257,0,256
2025-03-18,SP98,1.99,7913,43,7660,251,4,222
2025-03-19,E10,1.99,7368,0,7330,247,0,246
2025-03-19,Gazole,2.25,9412,0,9410,257,0,256
2025-03-19,SP98,1.99,7915,52,7644,252,4,221
2025-03-20,E10,1.99,7369,1,7330,248,1,246
2025-03-20,Gazole,2.25,9416,0,9414,258,0,257
2025-03-20,SP98,1.99,7918,53,7646,253,5,221
2025-03-21,E10,1.99,7370,1,7326,248,1,246
2025-03-21,Gazole,2.25,9418,0,9416,258,0,257
2025-03-21,SP98,1.99,7920,52,7645,253,5,221
2025-03-22,E10,1.99,7371,1,7326,248,1,246
2025-03-22,Gazole,2.25,9419,0,9417,258,0,257
2025-03-22,SP98,1.99,7921,58,7641,253,5,220
2025-03-23,E10,1.99,7370,1,7325,248,1,246
2025-03-23,Gazole,2.25,9418,0,9416,258,0,257
2025-03-23,SP98,1.99,7920,58,7640,253,5,220
2025-03-24,E10,1.99,7371,1,7327,248,1,246
2025-03-24,Gazole,2.25,9421,0,9419,258,0,257
2025-03-24,SP98,1.99,7923,56,7643,253,5,220
2025-03-25,E10,1.99,7374,2,7331,248,1,246
2025-03-25,Gazole,2.25,9425,0,9423,258,0,257
2025-03-25,SP98,1.99,7925,69,7625,253,5,218
2025-03-26,E10,1.99,7376,2,7332,248,1,246
2025-03-26,Gazole,2.25,9429,0,9427,258,0,257
2025-03-26,SP98,1.99,7926,73,7619,253,4,214
2025-03-27,E10,1.99,7376,2,7327,248,1,245
2025-03-27,Gazole,2.25,9428,0,9426,258,0,257
2025-03-27,SP98,1.99,7926,77,7605,253,4,211
2025-03-28,E10,1.99,7379,2,7327,248,1,245
2025-03-28,Gazole,2.25,9430,0,9428,258,0,257
2025-03-28,SP98,1.99,7928,82,7596,253,4,211
2025-03-29,E10,1.99,7379,2,7326,248,1,245
2025-03-29,Gazole,2.25,9430,0,9428,259,0,258
2025-03-29,SP98,1.99,7929,85,7587,254,4,208
2025-03-30,E10,1.99,7380,2,7327,248,1,245
2025-03-30,Gazole,2.25,9430,0,9428,259,0,258
2025-03-30,SP98,1.99,7929,85,7587,254,4,208
2025-03-31,E10,1.99,7382,2,7328,248,1,246
2025-03-31,Gazole,2.25,9433,0,9431,259,0,258
2025-03-31,SP98,1.99,7932,85,7587,254,4,207
2025-04-01,E10,1.99,7383,2,7309,248,1,246
2025-04-01,Gazole,2.25,9434,0,9432,259,0,258
2025-04-01,SP98,1.99,7933,86,7583,254,4,208
2025-04-02,E10,1.99,7385,2,7307,248,1,245
2025-04-02,Gazole,2.25,9434,0,9432,259,0,258
2025-04-02,SP98,1.99,7934,112,7553,254,26,185
2025-04-03,E10,1.99,7385,2,7304,248,1,245
2025-04-03,Gazole,2.25,9435,0,9433,259,0,258
2025-04-03,SP98,1.99,7936,130,7531,254,41,169
2025-04-04,E10,1.99,7388,2,7311,248,1,246
2025-04-04,Gazole,2.25,9438,0,9436,259,0,258
2025-04-04,SP98,1.99,7939,88,7573,254,4,206
2025-04-05,E10,1.99,7386,2,7330,248,1,246
2025-04-05,Gazole,2.25,9437,0,9435,259,0,258
2025-04-05,SP98,1.99,7938,74,7589,254,4,207
2025-04-06,E10,1.99,7385,2,7329,248,1,246
2025-04-06,Gazole,2.25,9436,0,9434,259,0,258
2025-04-06,SP98,1.99,7937,74,7589,254,4,207
2025-04-07,E10,1.99,7386,2,7340,249,1,247
2025-04-07,Gazole,2.25,9436,0,9434,259,0,258
2025-04-07,SP98,1.99,7938,74,7606,253,4,210
2025-04-08,E10,1.99,7390,2,7350,250,1,249
2025-04-08,Gazole,2.25,9437,0,9435,259,0,258
2025-04-08,SP98,1.99,7940,67,7624,254,3,215
2025-04-09,E10,1.99,7392,2,7354,250,1,249
2025-04-09,Gazole,2.25,9439,0,9437,259,0,258
2025-04-09,SP98,1.99,7943,52,7652,254,3,216
2025-04-10,E10,1.99,7393,4,7377,250,1,249
2025-04-10,Gazole,2.25,9442,0,9440,260,0,259
2025-04-10,SP98,1.99,7944,28,7706,255,3,222
2025-04-11,E10,1.99,7393,2,7356,250,1,249
2025-04-11,Gazole,2.25,9443,0,9441,260,0,259
2025-04-11,SP98,1.99,7945,27,7720,255,3,226
2025-04-12,E10,1.99,7393,2,7355,250,1,249
2025-04-12,Gazole,2.25,9443,0,9441,260,0,259
2025-04-12,SP98,1.99,7945,23,7739,255,3,231
2025-04-13,E10,1.99,7393,2,7355,250,1,249
2025-04-13,Gazole,2.25,9443,0,9441,260,0,259
2025-04-13,SP98,1.99,7945,23,7740,255,3,231
2025-04-14,E10,1.99,7395,3,7366,250,1,249
2025-04-14,Gazole,2.25,9446,0,9444,260,0,259
2025-04-14,SP98,1.99,7945,21,7751,255,3,232
2025-04-15,E10,1.99,7399,2,7361,251,1,250
2025-04-15,Gazole,2.25,9450,0,9448,260,0,259
2025-04-15,SP98,1.99,7947,13,7791,255,3,233
2025-04-16,E10,1.99,7401,2,7363,251,1,250
2025-04-16,Gazole,2.25,9451,0,9449,260,0,259
2025-04-16,SP98,1.99,7948,12,7807,255,3,236
2025-04-17,E10,1.99,7405,1,7368,251,1,250
2025-04-17,Gazole,2.25,9454,0,9452,260,0,259
2025-04-17,SP98,1.99,7950,9,7804,255,3,238
2025-04-18,E10,1.99,7406,1,7367,251,1,250
2025-04-18,Gazole,2.25,9454,0,9452,260,0,259
2025-04-18,SP98,1.99,7952,9,7805,255,3,239
2025-04-19,E10,1.99,7406,1,7367,251,1,250
2025-04-19,Gazole,2.25,9454,0,9452,260,0,259
2025-04-19,SP98,1.99,7952,9,7806,255,3,239
2025-04-20,E10,1.99,7405,1,7366,251,1,250
2025-04-20,Gazole,2.25,9454,0,9452,260,0,259
2025-04-20,SP98,1.99,7952,9,7806,255,3,239
2025-04-21,E10,1.99,7405,1,7366,251,1,250
2025-04-21,Gazole,2.25,9455,0,9453,260,0,259
2025-04-21,SP98,1.99,7952,9,7806,255,3,239
2025-04-22,E10,1.99,7407,1,7368,251,1,250
2025-04-22,Gazole,2.25,9458,0,9456,260,0,259
2025-04-22,SP98,1.99,7954,8,7816,255,3,239
2025-04-23,E10,1.99,7408,1,7369,251,1,250
2025-04-23,Gazole,2.25,9461,0,9459,261,0,260
2025-04-23,SP98,1.99,7956,11,7815,256,2,239
2025-04-24,E10,1.99,7410,1,7371,251,1,250
2025-04-24,Gazole,2.25,9462,0,9461,261,0,260
2025-04-24,SP98,1.99,7958,13,7810,256,2,237
2025-04-25,E10,1.99,7414,1,7375,251,1,250
2025-04-25,Gazole,2.25,9464,0,9463,261,0,260
2025-04-25,SP98,1.99,7959,13,7804,256,2,238
2025-04-26,E10,1.99,7414,1,7375,251,1,250
2025-04-26,Gazole,2.25,9464,0,9463,261,0,260
2025-04-26,SP98,1.99,7959,13,7799,256,2,237
2025-04-27,E10,1.99,7414,1,7375,251,1,250
2025-04-27,Gazole,2.25,9464,0,9463,261,0,260
2025-04-27,SP98,1.99,7959,13,7799,256,2,237
2025-04-28,E10,1.99,7416,1,7377,251,1,250
2025-04-28,Gazole,2.25,9465,0,9464,261,0,260
2025-04-28,SP98,1.99,7960,13,7803,256,2,237
2025-04-29,E10,1.99,7419,1,7380,251,1,250
2025-04-29,Gazole,2.25,9466,0,9465,261,0,260
2025-04-29,SP98,1.99,7962,10,7814,256,2,238
2025-04-30,E10,1.99,7424,1,7385,251,1,250
2025-04-30,Gazole,2.25,9468,0,9467,261,0,260
2025-04-30,SP98,1.99,7964,10,7819,256,2,240
2025-05-01,E10,1.99,7423,1,7384,251,1,250
2025-05-01,Gazole,2.25,9468,0,9467,261,0,260
2025-05-01,SP98,1.99,7965,10,7820,256,2,242
2025-05-02,E10,1.99,7425,1,7386,251,1,250
2025-05-02,Gazole,2.25,9470,0,9469,261,0,260
2025-05-02,SP98,1.99,7966,10,7826,256,2,242
2025-05-03,E10,1.99,7425,1,7386,251,1,250
2025-05-03,Gazole,2.25,9470,0,9469,261,0,260
2025-05-03,SP98,1.99,7966,9,7832,256,2,244
2025-05-04,E10,1.99,7425,1,7386,251,1,250
2025-05-04,Gazole,2.25,9471,0,9470,261,0,260
2025-05-04,SP98,1.99,7966,9,7832,256,2,244
2025-05-05,E10,1.99,7425,1,7396,251,1,250
2025-05-05,Gazole,2.25,9473,0,9473,261,0,261
2025-05-05,SP98,1.99,7969,9,7835,257,2,244
2025-05-06,E10,1.99,7427,1,7398,251,1,250
2025-05-06,Gazole,2.25,9475,0,9475,261,0,261
2025-05-06,SP98,1.99,7970,7,7848,257,2,244
2025-05-07,E10,1.99,7429,1,7390,251,1,250
2025-05-07,Gazole,2.25,9478,0,9478,261,0,261
2025-05-07,SP98,1.99,7974,5,7857,257,2,245
2025-05-08,E10,1.99,7428,1,7391,250,1,249
2025-05-08,Gazole,2.25,9478,0,9478,261,0,261
2025-05-08,SP98,1.99,7975,5,7859,257,2,245
2025-05-09,E10,1.99,7429,1,7390,250,1,249
2025-05-09,Gazole,2.25,9481,0,9481,261,0,261
2025-05-09,SP98,1.99,7979,5,7863,257,2,245
2025-05-10,E10,1.99,7430,1,7391,250,1,249
2025-05-10,Gazole,2.25,9481,0,9481,261,0,261
2025-05-10,SP98,1.99,7980,6,7862,257,2,244
2025-05-11,E10,1.99,7427,1,7388,250,1,249
2025-05-11,Gazole,2.25,9479,0,9479,261,0,261
2025-05-11,SP98,1.99,7977,6,7859,257,2,244
2025-05-12,E10,1.99,7428,1,7389,250,1,249
2025-05-12,Gazole,2.25,9482,0,9482,261,0,261
2025-05-12,SP98,1.99,7978,5,7859,257,2,243
2025-05-13,E10,1.99,7431,1,7392,250,1,249
2025-05-13,Gazole,2.25,9485,0,9485,261,0,261
2025-05-13,SP98,1.99,7981,9,7849,257,2,240
2025-05-14,E10,1.99,7432,1,7393,250,1,249
2025-05-14,Gazole,2.25,9487,0,9487,262,0,262
2025-05-14,SP98,1.99,7983,18,7830,258,2,240
2025-05-15,E10,1.99,7433,1,7394,250,1,249
2025-05-15,Gazole,2.25,9490,0,9490,262,0,262
2025-05-15,SP98,1.99,7985,27,7806,258,2,239
2025-05-16,E10,1.99,7435,1,7392,250,1,249
2025-05-16,Gazole,2.25,9492,0,9492,262,0,262
2025-05-16,SP98,1.99,7986,27,7798,258,2,239
2025-05-17,E10,1.99,7436,1,7393,250,1,249
2025-05-17,Gazole,2.25,9493,0,9493,262,0,262
2025-05-17,SP98,1.99,7987,27,7801,258,2,239
2025-05-18,E10,1.99,7436,1,7393,250,1,249
2025-05-18,Gazole,2.25,9491,0,9491,262,0,262
2025-05-18,SP98,1.99,7986,27,7800,258,2,239
2025-05-19,E10,1.99,7437,1,7396,250,1,249
2025-05-19,Gazole,2.25,9493,0,9493,262,0,262
2025-05-19,SP98,1.99,7987,27,7800,258,2,239
2025-05-20,E10,1.99,7440,1,7401,250,1,249
2025-05-20,Gazole,2.25,9494,0,9494,262,0,262
2025-05-20,SP98,1.99,7988,21,7809,258,2,238
2025-05-21,E10,1.99,7442,1,7403,250,1,249
2025-05-21,Gazole,2.25,9495,0,9495,262,0,262
2025-05-21,SP98,1.99,7989,14,7820,258,2,238
2025-05-22,E10,1.99,7443,1,7404,250,1,249
2025-05-22,Gazole,2.25,9495,0,9495,262,0,262
2025-05-22,SP98,1.99,7989,14,7820,258,2,238
2025-05-23,E10,1.99,7444,2,7401,250,1,249
2025-05-23,Gazole,2.25,9496,0,9496,262,0,262
2025-05-23,SP98,1.99,7991,14,7823,258,2,238
2025-05-24,E10,1.99,7444,2,7401,250,1,249
2025-05-24,Gazole,2.25,9496,0,9496,262,0,262
2025-05-24,SP98,1.99,7991,9,7832,258,2,239
2025-05-25,E10,1.99,7444,2,7401,250,1,249
2025-05-25,Gazole,2.25,9496,0,9496,262,0,262
2025-05-25,SP98,1.99,7991,9,7835,258,2,239
2025-05-26,E10,1.99,7444,2,7403,250,1,249
2025-05-26,Gazole,2.25,9497,0,9497,262,0,262
2025-05-26,SP98,1.99,7992,9,7839,258,2,239
2025-05-27,E10,1.99,7448,1,7409,250,1,249
2025-05-27,Gazole,2.25,9497,0,9497,262,0,262
2025-05-27,SP98,1.99,7992,9,7836,258,2,237
2025-05-28,E10,1.99,7449,1,7410,250,1,249
2025-05-28,Gazole,2.25,9501,0,9501,262,0,262
2025-05-28,SP98,1.99,7996,10,7842,258,2,238
2025-05-29,E10,1.99,7449,1,7410,250,1,249
2025-05-29,Gazole,2.25,9501,0,9501,262,0,262
2025-05-29,SP98,1.99,7996,10,7840,258,2,239
2025-05-30,E10,1.99,7449,3,7407,250,1,249
2025-05-30,Gazole,2.25,9501,0,9500,262,0,262
2025-05-30,SP98,1.99,7996,10,7842,258,2,239
2025-05-31,E10,1.99,7449,3,7407,249,1,248
2025-05-31,Gazole,2.25,9500,0,9499,261,0,261
2025-05-31,SP98,1.99,7995,10,7841,257,2,237
2025-06-01,E10,1.99,7449,3,7407,249,1,248
2025-06-01,Gazole,2.25,9500,0,9499,261,0,261
2025-06-01,SP98,1.99,7995,10,7841,257,2,237
2025-06-02,E10,1.99,7451,1,7412,249,1,248
2025-06-02,Gazole,2.25,9503,0,9502,261,0,261
2025-06-02,SP98,1.99,7997,10,7844,257,2,237
2025-06-03,E10,1.99,7454,1,7416,249,1,248
2025-06-03,Gazole,2.25,9506,0,9505,261,0,261
2025-06-03,SP98,1.99,7997,10,7843,257,2,237
2025-06-04,E10,1.99,7454,1,7416,249,1,248
2025-06-04,Gazole,2.25,9507,0,9505,261,0,261
2025-06-04,SP98,1.99,7997,9,7841,257,2,236
2025-06-05,E10,1.99,7456,1,7418,249,1,248
2025-06-05,Gazole,2.25,9508,0,9507,260,0,260
2025-06-05,SP98,1.99,7999,9,7845,256,2,237
2025-06-06,E10,1.99,7456,1,7415,249,1,248
2025-06-06,Gazole,2.25,9508,0,9507,260,0,260
2025-06-06,SP98,1.99,7999,9,7845,256,2,237
2025-06-07,E10,1.99,7455,1,7414,249,1,248
2025-06-07,Gazole,2.25,9510,0,9509,260,0,260
2025-06-07,SP98,1.99,7999,10,7845,256,2,237
2025-06-08,E10,1.99,7455,1,7414,249,1,248
2025-06-08,Gazole,2.25,9510,0,9509,260,0,260
2025-06-08,SP98,1.99,7999,10,7845,256,2,237
2025-06-09,E10,1.99,7455,1,7414,249,1,248
2025-06-09,Gazole,2.25,9510,0,9509,260,0,260
2025-06-09,SP98,1.99,7999,10,7845,256,2,236
2025-06-10,E10,1.99,7456,1,7418,249,1,248
2025-06-10,Gazole,2.25,9511,0,9510,260,0,260
2025-06-10,SP98,1.99,8000,9,7847,256,2,236
2025-06-11,E10,1.99,7457,1,7419,249,1,248
2025-06-11,Gazole,2.25,9511,0,9510,260,0,260
2025-06-11,SP98,1.99,8000,14,7839,256,2,235
2025-06-12,E10,1.99,7456,1,7418,249,1,248
2025-06-12,Gazole,2.25,9512,0,9512,260,0,260
2025-06-12,SP98,1.99,8001,23,7834,256,2,234
2025-06-13,E10,1.99,7460,1,7409,249,1,248
2025-06-13,Gazole,2.25,9516,0,9516,261,0,261
2025-06-13,SP98,1.99,8004,23,7820,256,2,233
2025-06-14,E10,1.99,7461,1,7388,249,1,247
2025-06-14,Gazole,2.25,9516,0,9516,260,0,260
2025-06-14,SP98,1.99,8004,44,7787,255,2,228
2025-06-15,E10,1.99,7459,1,7385,249,1,247
2025-06-15,Gazole,2.25,9516,0,9516,260,0,260
2025-06-15,SP98,1.99,8003,44,7785,255,2,228
2025-06-16,E10,1.99,7462,1,7392,249,1,248
2025-06-16,Gazole,2.25,9517,0,9517,260,0,260
2025-06-16,SP98,1.99,8005,45,7784,255,2,228
2025-06-17,E10,1.99,7463,1,7395,249,1,248
2025-06-17,Gazole,2.25,9518,0,9518,260,0,260
2025-06-17,SP98,1.99,8006,47,7767,255,2,227
2025-06-18,E10,1.99,7465,1,7394,249,1,248
2025-06-18,Gazole,2.25,9520,0,9520,260,0,260
2025-06-18,SP98,1.99,8007,51,7750,255,2,222
2025-06-19,E10,1.99,7466,1,7394,249,1,248
2025-06-19,Gazole,2.25,9523,0,9523,260,0,260
2025-06-19,SP98,1.99,8009,55,7738,255,2,221
2025-06-20,E10,1.99,7471,1,7390,249,1,245
2025-06-20,Gazole,2.25,9525,0,9525,260,0,260
2025-06-20,SP98,1.99,8011,69,7688,255,2,211
2025-06-21,E10,1.99,7471,1,7389,249,1,245
2025-06-21,Gazole,2.25,9524,0,9524,260,0,260
2025-06-21,SP98,1.99,8011,70,7685,255,2,210
2025-06-22,E10,1.99,7471,1,7389,249,1,245
2025-06-22,Gazole,2.25,9524,0,9524,260,0,260
2025-06-22,SP98,1.99,8011,70,7685,255,2,210
2025-06-23,E10,1.99,7475,1,7397,249,1,246
2025-06-23,Gazole,2.25,9526,0,9526,260,0,260
2025-06-23,SP98,1.99,8014,71,7684,255,2,209
2025-06-24,E10,1.99,7476,2,7395,249,1,245
2025-06-24,Gazole,2.25,9527,0,9527,260,0,260
2025-06-24,SP98,1.99,8015,73,7670,255,2,209
2025-06-25,E10,1.99,7479,2,7406,249,1,246
2025-06-25,Gazole,2.25,9529,0,9529,260,0,260
2025-06-25,SP98,1.99,8017,70,7694,255,2,213
2025-06-26,E10,1.99,7480,2,7408,249,1,246
2025-06-26,Gazole,2.25,9530,0,9530,260,0,260
2025-06-26,SP98,1.99,8018,58,7715,255,2,212
2025-06-27,E10,1.99,7481,2,7404,249,1,246
2025-06-27,Gazole,2.25,9528,0,9528,260,0,260
2025-06-27,SP98,1.99,8015,56,7713,255,2,210
2025-06-28,E10,1.99,7482,4,7405,249,1,245
2025-06-28,Gazole,2.25,9529,0,9529,260,0,260
2025-06-28,SP98,1.99,8015,37,7740,255,2,214
2025-06-29,E10,1.99,7482,4,7405,249,1,245
2025-06-29,Gazole,2.25,9529,0,9529,260,0,260
2025-06-29,SP98,1.99,8015,37,7740,255,2,214
2025-06-30,E10,1.99,7484,2,7409,249,1,245
2025-06-30,Gazole,2.25,9533,0,9533,260,0,260
2025-06-30,SP98,1.99,8018,37,7754,255,2,218
2025-07-01,E10,1.99,7487,2,7421,249,1,247
2025-07-01,Gazole,2.25,9534,0,9534,260,0,260
2025-07-01,SP98,1.99,8020,28,7781,255,2,221
2025-07-02,E10,1.99,7490,2,7440,249,1,247
2025-07-02,Gazole,2.25,9535,0,9535,260,0,260
2025-07-02,SP98,1.99,8021,16,7805,255,2,224
2025-07-03,E10,1.99,7491,2,7441,249,1,247
2025-07-03,Gazole,2.25,9535,0,9535,260,0,260
2025-07-03,SP98,1.99,8020,14,7810,255,2,224
2025-07-04,E10,1.99,7492,2,7440,249,1,247
2025-07-04,Gazole,2.25,9537,0,9537,260,0,260
2025-07-04,SP98,1.99,8023,13,7820,255,2,223
2025-07-05,E10,1.99,7492,2,7438,249,1,247
2025-07-05,Gazole,2.25,9537,0,9537,260,0,260
2025-07-05,SP98,1.99,8023,12,7824,255,2,224
2025-07-06,E10,1.99,7492,2,7438,249,1,247
2025-07-06,Gazole,2.25,9537,0,9537,260,0,260
2025-07-06,SP98,1.99,8023,12,7824,255,2,224
2025-07-07,E10,1.99,7495,2,7443,249,1,247
2025-07-07,Gazole,2.25,9539,0,9539,260,0,260
2025-07-07,SP98,1.99,8026,12,7830,255,2,225
2025-07-08,E10,1.99,7498,2,7448,249,1,247
2025-07-08,Gazole,2.25,9543,0,9543,260,0,260
2025-07-08,SP98,1.99,8029,27,7819,255,2,229
2025-07-09,E10,1.99,7499,2,7448,249,1,247
2025-07-09,Gazole,2.25,9543,0,9543,260,0,260
2025-07-09,SP98,1.99,8030,28,7824,255,2,229
2025-07-10,E10,1.99,7503,2,7452,249,1,247
2025-07-10,Gazole,2.25,9547,0,9547,260,0,260
2025-07-10,SP98,1.99,8035,39,7818,255,2,228
2025-07-11,E10,1.99,7505,2,7450,249,1,247
2025-07-11,Gazole,2.25,9550,0,9550,260,0,260
2025-07-11,SP98,1.99,8039,41,7800,255,2,226
2025-07-12,E10,1.99,7505,2,7450,249,1,247
2025-07-12,Gazole,2.25,9550,0,9550,260,0,260
2025-07-12,SP98,1.99,8039,44,7794,255,2,226
2025-07-13,E10,1.99,7505,2,7450,249,1,247
2025-07-13,Gazole,2.25,9551,0,9551,260,0,260
2025-07-13,SP98,1.99,8039,44,7794,255,2,226
2025-07-14,E10,1.99,7504,2,7451,249,1,247
2025-07-14,Gazole,2.25,9550,0,9550,260,0,260
2025-07-14,SP98,1.99,8039,44,7794,255,2,226
2025-07-15,E10,1.99,7504,2,7452,249,1,247
2025-07-15,Gazole,2.25,9550,0,9550,260,0,260
2025-07-15,SP98,1.99,8039,43,7795,255,2,226
2025-07-16,E10,1.99,7508,2,7457,249,1,247
2025-07-16,Gazole,2.25,9553,0,9553,260,0,260
2025-07-16,SP98,1.99,8041,29,7817,255,2,228
2025-07-17,E10,1.99,7507,2,7455,249,1,247
2025-07-17,Gazole,2.25,9554,0,9554,260,0,260
2025-07-17,SP98,1.99,8043,30,7830,255,2,229
2025-07-18,E10,1.99,7509,2,7448,249,1,247
2025-07-18,Gazole,2.25,9557,0,9557,260,0,260
2025-07-18,SP98,1.99,8045,29,7831,255,2,230
2025-07-19,E10,1.99,7510,2,7433,249,1,247
2025-07-19,Gazole,2.25,9557,0,9557,260,0,260
2025-07-19,SP98,1.99,8046,29,7830,255,2,230
2025-07-20,E10,1.99,7511,2,7434,249,1,247
2025-07-20,Gazole,2.25,9558,0,9558,260,0,260
2025-07-20,SP98,1.99,8047,29,7831,255,2,230
2025-07-21,E10,1.99,7514,2,7439,249,1,247
2025-07-21,Gazole,2.25,9559,0,9559,260,0,260
2025-07-21,SP98,1.99,8050,29,7833,255,2,230
2025-07-22,E10,1.99,7515,2,7442,249,1,247
2025-07-22,Gazole,2.25,9559,0,9559,260,0,260
2025-07-22,SP98,1.99,8053,29,7837,255,2,229
2025-07-23,E10,1.99,7516,2,7447,249,1,247
2025-07-23,Gazole,2.25,9560,0,9560,260,0,260
2025-07-23,SP98,1.99,8055,29,7841,255,2,230
2025-07-24,E10,1.99,7516,2,7464,249,1,247
2025-07-24,Gazole,2.25,9561,0,9561,260,0,260
2025-07-24,SP98,1.99,8056,26,7848,255,2,230
2025-07-25,E10,1.99,7516,2,7462,249,1,247
2025-07-25,Gazole,2.25,9559,0,9559,260,0,260
2025-07-25,SP98,1.99,8056,20,7858,256,2,232
2025-07-26,E10,1.99,7515,4,7461,248,1,246
2025-07-26,Gazole,2.25,9558,0,9558,259,0,259
2025-07-26,SP98,1.99,8056,19,7861,255,2,231
2025-07-27,E10,1.99,7515,4,7461,248,1,246
2025-07-27,Gazole,2.25,9558,0,9558,259,0,259
2025-07-27,SP98,1.99,8056,18,7862,255,1,232
2025-07-28,E10,1.99,7516,2,7464,248,1,246
2025-07-28,Gazole,2.25,9559,0,9559,259,0,259
2025-07-28,SP98,1.99,8058,18,7864,255,1,232
2025-07-29,E10,1.99,7516,2,7464,248,1,246
2025-07-29,Gazole,2.25,9558,0,9558,259,0,259
2025-07-29,SP98,1.99,8058,18,7866,255,1,231
2025-07-30,E10,1.99,7518,2,7466,248,1,246
2025-07-30,Gazole,2.25,9559,0,9558,259,0,259
2025-07-30,SP98,1.99,8060,24,7860,255,1,231
2025-07-31,E10,1.99,7520,2,7467,248,1,246
2025-07-31,Gazole,2.25,9562,0,9561,259,0,259
2025-07-31,SP98,1.99,8062,32,7846,255,1,228
2025-08-01,E10,1.99,7523,2,7463,248,1,245
2025-08-01,Gazole,2.25,9564,0,9563,259,0,259
2025-08-01,SP98,1.99,8062,45,7823,255,1,228
2025-08-02,E10,1.99,7523,2,7463,248,1,245
2025-08-02,Gazole,2.25,9564,0,9563,259,0,259
2025-08-02,SP98,1.99,8062,45,7817,255,1,227
2025-08-03,E10,1.99,7523,2,7463,248,1,245
2025-08-03,Gazole,2.25,9564,0,9563,259,0,259
2025-08-03,SP98,1.99,8062,45,7817,255,1,227
2025-08-04,E10,1.99,7527,2,7472,249,1,247
2025-08-04,Gazole,2.25,9566,0,9565,260,0,260
2025-08-04,SP98,1.99,8064,45,7820,256,1,227
2025-08-05,E10,1.99,7528,2,7476,249,1,247
2025-08-05,Gazole,2.25,9566,0,9565,260,0,260
2025-08-05,SP98,1.99,8064,41,7827,256,1,228
2025-08-06,E10,1.99,7529,2,7477,249,1,247
2025-08-06,Gazole,2.25,9567,0,9566,260,0,260
2025-08-06,SP98,1.99,8064,41,7827,256,1,228
2025-08-07,E10,1.99,7528,2,7476,249,1,247
2025-08-07,Gazole,2.25,9568,0,9567,260,0,260
2025-08-07,SP98,1.99,8065,40,7829,256,1,228
2025-08-08,E10,1.99,7529,2,7474,249,1,247
2025-08-08,Gazole,2.25,9568,0,9567,260,0,260
2025-08-08,SP98,1.99,8064,39,7836,256,1,230
2025-08-09,E10,1.99,7529,2,7473,249,1,247
2025-08-09,Gazole,2.25,9568,0,9567,260,0,260
2025-08-09,SP98,1.99,8064,34,7841,256,1,231
2025-08-10,E10,1.99,7529,2,7473,249,1,247
2025-08-10,Gazole,2.25,9567,0,9566,260,0,260
2025-08-10,SP98,1.99,8064,34,7841,256,1,231
2025-08-11,E10,1.99,7531,2,7478,249,1,247
2025-08-11,Gazole,2.25,9568,0,9567,260,0,260
2025-08-11,SP98,1.99,8066,34,7844,256,1,232
2025-08-12,E10,1.99,7531,2,7480,249,1,247
2025-08-12,Gazole,2.25,9568,0,9567,260,0,260
2025-08-12,SP98,1.99,8067,35,7845,256,1,232
2025-08-13,E10,1.99,7535,1,7486,250,1,248
2025-08-13,Gazole,2.25,9571,0,9570,261,0,261
2025-08-13,SP98,1.99,8068,34,7852,256,1,233
2025-08-14,E10,1.99,7535,1,7484,250,1,248
2025-08-14,Gazole,2.25,9571,0,9570,261,0,261
2025-08-14,SP98,1.99,8068,32,7856,256,1,235
2025-08-15,E10,1.99,7535,3,7479,250,1,248
2025-08-15,Gazole,2.25,9571,0,9570,261,0,261
2025-08-15,SP98,1.99,8068,18,7882,256,1,236
2025-08-16,E10,1.99,7537,2,7482,250,1,248
2025-08-16,Gazole,2.25,9571,0,9570,261,0,261
2025-08-16,SP98,1.99,8069,17,7884,256,1,236
2025-08-17,E10,1.99,7537,2,7482,250,1,248
2025-08-17,Gazole,2.25,9571,0,9570,261,0,261
2025-08-17,SP98,1.99,8069,17,7884,256,1,236
2025-08-18,E10,1.99,7538,1,7487,250,1,248
2025-08-18,Gazole,2.25,9572,0,9571,261,0,261
2025-08-18,SP98,1.99,8070,17,7888,256,1,236
2025-08-19,E10,1.99,7542,1,7498,251,1,249
2025-08-19,Gazole,2.25,9575,0,9574,262,0,262
2025-08-19,SP98,1.99,8072,18,7898,257,1,237
2025-08-20,E10,1.99,7544,1,7500,251,1,249
2025-08-20,Gazole,2.25,9577,0,9577,262,0,262
2025-08-20,SP98,1.99,8075,17,7901,257,1,235
2025-08-21,E10,1.99,7546,1,7502,251,1,249
2025-08-21,Gazole,2.25,9580,0,9580,262,0,262
2025-08-21,SP98,1.99,8077,17,7897,257,1,235
2025-08-22,E10,1.99,7548,1,7493,251,1,248
2025-08-22,Gazole,2.25,9580,0,9580,262,0,262
2025-08-22,SP98,1.99,8078,22,7890,257,1,235
2025-08-23,E10,1.99,7549,1,7478,251,1,248
2025-08-23,Gazole,2.25,9581,0,9581,262,0,262
2025-08-23,SP98,1.99,8077,27,7877,257,1,231
2025-08-24,E10,1.99,7549,1,7478,251,1,248
2025-08-24,Gazole,2.25,9581,0,9581,262,0,262
2025-08-24,SP98,1.99,8077,27,7877,257,1,231
2025-08-25,E10,1.99,7550,1,7484,251,1,249
2025-08-25,Gazole,2.25,9583,0,9583,262,0,262
2025-08-25,SP98,1.99,8077,27,7879,257,1,231
2025-08-26,E10,1.99,7553,1,7489,251,1,249
2025-08-26,Gazole,2.25,9585,0,9585,262,0,262
2025-08-26,SP98,1.99,8079,32,7870,257,1,231
2025-08-27,E10,1.99,7556,1,7492,251,1,249
2025-08-27,Gazole,2.25,9586,0,9586,262,0,262
2025-08-27,SP98,1.99,8081,32,7869,257,1,232
2025-08-28,E10,1.99,7556,1,7492,251,1,249
2025-08-28,Gazole,2.25,9586,0,9586,262,0,262
2025-08-28,SP98,1.99,8081,31,7869,257,1,233
2025-08-29,E10,1.99,7556,1,7487,251,1,249
2025-08-29,Gazole,2.25,9586,0,9586,262,0,262
2025-08-29,SP98,1.99,8081,31,7866,257,1,233
2025-08-30,E10,1.99,7556,1,7487,251,1,249
2025-08-30,Gazole,2.25,9586,0,9586,262,0,262
2025-08-30,SP98,1.99,8081,31,7868,257,1,235
2025-08-31,E10,1.99,7556,1,7487,251,1,249
2025-08-31,Gazole,2.25,9586,0,9586,262,0,262
2025-08-31,SP98,1.99,8080,32,7868,257,1,235
2025-09-01,E10,1.99,7556,1,7490,251,1,249
2025-09-01,Gazole,2.25,9587,0,9587,262,0,262
2025-09-01,SP98,1.99,8081,32,7873,257,1,235
2025-09-02,E10,1.99,7557,1,7494,251,1,249
2025-09-02,Gazole,2.25,9588,0,9588,262,0,262
2025-09-02,SP98,1.99,8082,32,7874,257,1,235
2025-09-03,E10,1.99,7558,1,7493,251,1,249
2025-09-03,Gazole,2.25,9588,0,9588,262,0,262
2025-09-03,SP98,1.99,8082,37,7858,257,1,231
2025-09-04,E10,1.99,7558,2,7492,250,1,248
2025-09-04,Gazole,2.25,9590,0,9590,262,0,262
2025-09-04,SP98,1.99,8085,38,7852,257,1,230
2025-09-05,E10,1.99,7559,2,7485,251,1,248
2025-09-05,Gazole,2.25,9590,0,9590,262,0,262
2025-09-05,SP98,1.99,8086,40,7851,258,1,231
2025-09-06,E10,1.99,7559,1,7487,251,1,249
2025-09-06,Gazole,2.25,9590,0,9590,262,0,262
2025-09-06,SP98,1.99,8086,38,7851,258,1,232
2025-09-07,E10,1.99,7559,1,7488,251,1,249
2025-09-07,Gazole,2.25,9590,0,9590,262,0,262
2025-09-07,SP98,1.99,8086,38,7851,258,1,232
2025-09-08,E10,1.99,7561,1,7492,251,1,249
2025-09-08,Gazole,2.25,9592,0,9592,262,0,262
2025-09-08,SP98,1.99,8088,38,7853,258,1,231
2025-09-09,E10,1.99,7564,1,7497,251,1,249
2025-09-09,Gazole,2.25,9595,0,9595,262,0,262
2025-09-09,SP98,1.99,8090,38,7858,258,1,232
2025-09-10,E10,1.99,7565,1,7498,251,1,249
2025-09-10,Gazole,2.25,9596,0,9596,262,0,262
2025-09-10,SP98,1.99,8091,42,7856,258,1,232
2025-09-11,E10,1.99,7564,1,7497,251,1,249
2025-09-11,Gazole,2.25,9596,0,9596,262,0,262
2025-09-11,SP98,1.99,8091,46,7844,258,1,229
2025-09-12,E10,1.99,7564,1,7491,251,1,249
2025-09-12,Gazole,2.25,9596,0,9596,263,0,263
2025-09-12,SP98,1.99,8089,46,7845,258,1,231
2025-09-13,E10,1.99,7564,1,7489,251,1,248
2025-09-13,Gazole,2.25,9596,0,9596,263,0,263
2025-09-13,SP98,1.99,8089,44,7846,258,1,231
2025-09-14,E10,1.99,7563,1,7488,251,1,248
2025-09-14,Gazole,2.25,9596,0,9596,263,0,263
2025-09-14,SP98,1.99,8089,44,7846,258,1,231
2025-09-15,E10,1.99,7565,1,7495,251,1,249
2025-09-15,Gazole,2.25,9597,0,9597,263,0,263
2025-09-15,SP98,1.99,8090,44,7847,258,1,231
2025-09-16,E10,1.99,7567,1,7499,251,1,249
2025-09-16,Gazole,2.25,9598,0,9598,263,0,263
2025-09-16,SP98,1.99,8091,44,7847,258,1,231
2025-09-17,E10,1.99,7569,1,7501,252,1,250
2025-09-17,Gazole,2.25,9601,0,9601,264,0,264
2025-09-17,SP98,1.99,8094,47,7842,259,1,229
2025-09-18,E10,1.99,7572,1,7504,252,1,250
2025-09-18,Gazole,2.25,9602,0,9602,264,0,264
2025-09-18,SP98,1.99,8098,49,7845,259,1,230
2025-09-19,E10,1.99,7573,1,7498,252,1,250
2025-09-19,Gazole,2.25,9603,0,9603,264,0,264
2025-09-19,SP98,1.99,8100,49,7848,259,1,230
2025-09-20,E10,1.99,7572,1,7497,252,1,250
2025-09-20,Gazole,2.25,9603,0,9603,264,0,264
2025-09-20,SP98,1.99,8100,49,7850,259,1,228
2025-09-21,E10,1.99,7572,1,7497,252,1,250
2025-09-21,Gazole,2.25,9603,0,9603,264,0,264
2025-09-21,SP98,1.99,8100,49,7850,259,1,228
2025-09-22,E10,1.99,7573,1,7502,252,1,250
2025-09-22,Gazole,2.25,9603,0,9603,264,0,264
2025-09-22,SP98,1.99,8101,49,7852,259,1,228
2025-09-23,E10,1.99,7574,1,7508,252,1,250
2025-09-23,Gazole,2.25,9603,0,9603,264,0,264
2025-09-23,SP98,1.99,8101,48,7854,259,1,228
2025-09-24,E10,1.99,7575,1,7528,252,1,250
2025-09-24,Gazole,2.25,9603,0,9603,264,0,264
2025-09-24,SP98,1.99,8102,49,7858,260,1,231
2025-09-25,E10,1.99,7576,1,7529,252,1,250
2025-09-25,Gazole,2.25,9604,0,9604,264,0,264
2025-09-25,SP98,1.99,8103,49,7856,260,1,230
2025-09-26,E10,1.99,7577,1,7525,252,1,250
2025-09-26,Gazole,2.25,9604,0,9604,264,0,264
2025-09-26,SP98,1.99,8103,49,7853,260,1,229
2025-09-27,E10,1.99,7577,1,7523,252,1,249
2025-09-27,Gazole,2.25,9603,0,9603,264,0,264
2025-09-27,SP98,1.99,8103,48,7852,260,1,228
2025-09-28,E10,1.99,7577,1,7523,252,1,249
2025-09-28,Gazole,2.25,9603,0,9603,264,0,264
2025-09-28,SP98,1.99,8103,48,7851,260,1,228
2025-09-29,E10,1.99,7578,2,7527,252,1,250
2025-09-29,Gazole,2.25,9603,0,9603,264,0,264
2025-09-29,SP98,1.99,8103,47,7849,260,1,228
2025-09-30,E10,1.99,7578,1,7529,252,1,250
2025-09-30,Gazole,2.25,9603,0,9603,264,0,264
2025-09-30,SP98,1.99,8103,53,7838,260,1,228
2025-10-01,E10,1.99,7578,1,7530,252,1,250
2025-10-01,Gazole,2.25,9603,0,9603,264,0,264
2025-10-01,SP98,1.99,8104,56,7837,261,1,230
2025-10-02,E10,1.99,7579,1,7532,252,1,250
2025-10-02,Gazole,2.25,9603,0,9603,264,0,264
2025-10-02,SP98,1.99,8104,53,7841,261,1,230
2025-10-03,E10,1.99,7579,1,7531,252,1,251
2025-10-03,Gazole,2.25,9603,0,9603,264,0,264
2025-10-03,SP98,1.99,8105,43,7861,261,1,233
2025-10-04,E10,1.99,7579,1,7529,252,1,251
2025-10-04,Gazole,2.25,9603,0,9603,264,0,264
2025-10-04,SP98,1.99,8105,34,7874,261,1,234
2025-10-05,E10,1.99,7579,1,7531,252,1,251
2025-10-05,Gazole,2.25,9603,0,9603,264,0,264
2025-10-05,SP98,1.99,8105,34,7874,261,1,234
2025-10-06,E10,1.99,7580,1,7535,252,1,251
2025-10-06,Gazole,2.25,9603,0,9603,264,0,264
2025-10-06,SP98,1.99,8106,34,7877,261,1,235
2025-10-07,E10,1.99,7581,2,7536,252,1,251
2025-10-07,Gazole,2.25,9603,0,9603,264,0,264
2025-10-07,SP98,1.99,8108,30,7893,261,1,237
2025-10-08,E10,1.99,7584,2,7541,252,1,251
2025-10-08,Gazole,2.25,9605,0,9605,264,0,264
2025-10-08,SP98,1.99,8111,29,7899,261,1,236
2025-10-09,E10,1.99,7586,2,7544,252,1,251
2025-10-09,Gazole,2.25,9607,0,9607,264,0,264
2025-10-09,SP98,1.99,8113,33,7892,261,1,234
2025-10-10,E10,1.99,7586,3,7538,252,2,250
2025-10-10,Gazole,2.25,9606,0,9606,264,0,264
2025-10-10,SP98,1.99,8113,35,7890,261,1,234
2025-10-11,E10,1.99,7585,3,7537,252,2,250
2025-10-11,Gazole,2.25,9606,0,9606,264,0,264
2025-10-11,SP98,1.99,8113,35,7888,261,1,232
2025-10-12,E10,1.99,7585,3,7537,252,2,250
2025-10-12,Gazole,2.25,9606,0,9606,264,0,264
2025-10-12,SP98,1.99,8113,35,7888,261,1,232
2025-10-13,E10,1.99,7585,2,7542,252,1,251
2025-10-13,Gazole,2.25,9607,0,9607,264,0,264
2025-10-13,SP98,1.99,8114,33,7893,261,1,232
2025-10-14,E10,1.99,7587,2,7545,252,1,251
2025-10-14,Gazole,2.25,9608,0,9608,264,0,264
2025-10-14,SP98,1.99,8115,32,7896,261,1,231
2025-10-15,E10,1.99,7588,2,7546,252,1,251
2025-10-15,Gazole,2.25,9610,0,9610,264,0,264
2025-10-15,SP98,1.99,8117,32,7899,261,1,232
2025-10-16,E10,1.99,7590,2,7548,252,1,251
2025-10-16,Gazole,2.25,9613,0,9613,264,0,264
2025-10-16,SP98,1.99,8120,30,7905,261,1,232
2025-10-17,E10,1.99,7592,2,7548,252,1,251
2025-10-17,Gazole,2.25,9614,0,9614,264,0,264
2025-10-17,SP98,1.99,8121,29,7908,261,1,232
2025-10-18,E10,1.99,7591,2,7548,252,1,251
2025-10-18,Gazole,2.25,9613,0,9613,264,0,264
2025-10-18,SP98,1.99,8120,21,7918,261,1,233
2025-10-19,E10,1.99,7591,2,7548,252,1,251
2025-10-19,Gazole,2.25,9613,0,9613,264,0,264
2025-10-19,SP98,1.99,8120,21,7919,261,1,233
2025-10-20,E10,1.99,7590,2,7548,252,1,251
2025-10-20,Gazole,2.25,9613,0,9613,264,0,264
2025-10-20,SP98,1.99,8119,20,7925,261,1,232
2025-10-21,E10,1.99,7590,2,7549,252,1,251
2025-10-21,Gazole,2.25,9614,0,9614,264,0,264
2025-10-21,SP98,1.99,8120,12,7952,261,1,232
2025-10-22,E10,1.99,7590,2,7549,252,1,251
2025-10-22,Gazole,2.25,9614,0,9614,264,0,264
2025-10-22,SP98,1.99,8120,15,7970,261,1,243
2025-10-23,E10,1.99,7590,2,7549,252,1,251
2025-10-23,Gazole,2.25,9614,0,9614,264,0,264
2025-10-23,SP98,1.99,8120,20,7952,261,1,236
2025-10-24,E10,1.99,7591,2,7543,252,1,251
2025-10-24,Gazole,2.25,9616,0,9616,264,0,264
2025-10-24,SP98,1.99,8122,31,7927,261,1,236
2025-10-25,E10,1.99,7590,2,7542,252,1,251
2025-10-25,Gazole,2.25,9615,0,9615,264,0,264
2025-10-25,SP98,1.99,8121,34,7915,261,1,237
2025-10-26,E10,1.99,7590,2,7542,252,1,251
2025-10-26,Gazole,2.25,9614,0,9614,264,0,264
2025-10-26,SP98,1.99,8121,34,7915,261,1,237
2025-10-27,E10,1.99,7591,2,7546,252,1,251
2025-10-27,Gazole,2.25,9615,0,9615,264,0,264
2025-10-27,SP98,1.99,8122,35,7915,261,1,237
2025-10-28,E10,1.99,7592,2,7550,252,1,251
2025-10-28,Gazole,2.25,9614,0,9614,264,0,264
2025-10-28,SP98,1.99,8120,40,7903,261,1,236
2025-10-29,E10,1.99,7593,2,7551,252,1,251
2025-10-29,Gazole,2.25,9615,0,9615,264,0,264
2025-10-29,SP98,1.99,8121,43,7899,261,1,236
2025-10-30,E10,1.99,7596,2,7554,252,1,251
2025-10-30,Gazole,2.25,9617,0,9617,264,0,264
2025-10-30,SP98,1.99,8123,47,7891,261,1,237
2025-10-31,E10,1.99,7597,2,7548,252,1,251
2025-10-31,Gazole,2.25,9620,0,9620,264,0,264
2025-10-31,SP98,1.99,8126,55,7883,261,1,235
2025-11-01,E10,1.99,7596,2,7546,252,1,251
2025-11-01,Gazole,2.25,9619,0,9619,264,0,264
2025-11-01,SP98,1.99,8125,55,7881,261,1,235
2025-11-02,E10,1.99,7595,2,7544,252,1,251
2025-11-02,Gazole,2.25,9619,0,9619,264,0,264
2025-11-02,SP98,1.99,8125,55,7881,261,1,235
2025-11-03,E10,1.99,7595,2,7547,252,1,251
2025-11-03,Gazole,2.25,9619,0,9619,264,0,264
2025-11-03,SP98,1.99,8125,55,7879,261,1,235
2025-11-04,E10,1.99,7595,2,7549,252,1,251
2025-11-04,Gazole,2.25,9619,0,9619,264,0,264
2025-11-04,SP98,1.99,8126,54,7880,261,1,234
2025-11-05,E10,1.99,7596,2,7550,252,1,251
2025-11-05,Gazole,2.25,9620,0,9620,264,0,264
2025-11-05,SP98,1.99,8127,55,7881,261,1,234
2025-11-06,E10,1.99,7595,2,7549,252,1,251
2025-11-06,Gazole,2.25,9620,0,9620,264,0,264
2025-11-06,SP98,1.99,8127,55,7881,261,1,235
2025-11-07,E10,1.99,7596,2,7541,252,1,251
2025-11-07,Gazole,2.25,9620,0,9620,264,0,264
2025-11-07,SP98,1.99,8128,66,7864,261,1,231
2025-11-08,E10,1.99,7594,2,7536,252,1,251
2025-11-08,Gazole,2.25,9620,0,9620,264,0,264
2025-11-08,SP98,1.99,8126,66,7855,261,1,226
2025-11-09,E10,1.99,7594,2,7536,252,1,251
2025-11-09,Gazole,2.25,9620,0,9620,264,0,264
2025-11-09,SP98,1.99,8126,66,7855,261,1,226
2025-11-10,E10,1.99,7595,2,7540,252,1,251
2025-11-10,Gazole,2.25,9620,0,9620,264,0,264
2025-11-10,SP98,1.99,8127,66,7856,261,1,226
2025-11-11,E10,1.99,7595,3,7540,252,1,251
2025-11-11,Gazole,2.25,9619,0,9619,264,0,264
2025-11-11,SP98,1.99,8127,66,7855,261,1,226
2025-11-12,E10,1.99,7595,4,7538,252,1,251
2025-11-12,Gazole,2.25,9619,0,9619,264,0,264
2025-11-12,SP98,1.99,8127,66,7854,261,1,226
2025-11-13,E10,1.99,7594,2,7534,252,1,251
2025-11-13,Gazole,2.25,9619,0,9619,264,0,264
2025-11-13,SP98,1.99,8128,75,7840,261,1,226
2025-11-14,E10,1.99,7596,2,7535,252,1,251
2025-11-14,Gazole,2.25,9620,0,9620,264,0,264
2025-11-14,SP98,1.99,8129,79,7833,261,1,225
2025-11-15,E10,1.99,7597,4,7531,252,1,250
2025-11-15,Gazole,2.25,9619,0,9619,264,0,264
2025-11-15,SP98,1.99,8129,83,7813,261,1,220
2025-11-16,E10,1.99,7597,4,7531,252,1,250
2025-11-16,Gazole,2.25,9619,0,9619,264,0,264
2025-11-16,SP98,1.99,8129,83,7813,261,1,220
2025-11-17,E10,1.99,7597,2,7536,252,1,251
2025-11-17,Gazole,2.25,9619,0,9619,264,0,264
2025-11-17,SP98,1.99,8130,85,7811,261,1,220
2025-11-18,E10,1.99,7600,2,7531,252,1,251
2025-11-18,Gazole,2.25,9622,0,9622,264,0,264
2025-11-18,SP98,1.99,8131,83,7804,261,1,219
2025-11-19,E10,1.99,7600,3,7531,252,1,251
2025-11-19,Gazole,2.25,9623,0,9623,264,0,264
2025-11-19,SP98,1.99,8131,82,7799,261,1,217
2025-11-20,E10,1.99,7600,3,7534,252,1,251
2025-11-20,Gazole,2.25,9624,0,9624,264,0,264
2025-11-20,SP98,1.99,8132,81,7803,261,1,220
2025-11-21,E10,1.99,7601,3,7533,252,1,251
2025-11-21,Gazole,2.25,9624,0,9624,264,0,264
2025-11-21,SP98,1.99,8131,81,7808,261,1,221
2025-11-22,E10,1.99,7601,3,7533,252,1,251
2025-11-22,Gazole,2.25,9624,0,9624,264,0,264
2025-11-22,SP98,1.99,8131,79,7817,261,1,224
2025-11-23,E10,1.99,7601,3,7533,252,1,251
2025-11-23,Gazole,2.25,9624,0,9624,264,0,264
2025-11-23,SP98,1.99,8131,79,7817,261,1,224
2025-11-24,E10,1.99,7602,3,7538,252,1,251
2025-11-24,Gazole,2.25,9624,0,9624,264,0,264
2025-11-24,SP98,1.99,8131,79,7818,261,1,225
2025-11-25,E10,1.99,7602,3,7543,252,1,251
2025-11-25,Gazole,2.25,9625,0,9625,264,0,264
2025-11-25,SP98,1.99,8131,77,7824,261,1,226
2025-11-26,E10,1.99,7605,3,7554,252,1,251
2025-11-26,Gazole,2.25,9627,0,9627,264,0,264
2025-11-26,SP98,1.99,8133,73,7841,261,1,232
2025-11-27,E10,1.99,7606,2,7557,252,1,251
2025-11-27,Gazole,2.25,9627,0,9627,264,0,264
2025-11-27,SP98,1.99,8133,69,7851,261,1,236
2025-11-28,E10,1.99,7606,2,7553,252,1,251
2025-11-28,Gazole,2.25,9627,0,9627,264,0,264
2025-11-28,SP98,1.99,8134,71,7850,261,1,238
2025-11-29,E10,1.99,7606,2,7555,252,1,251
2025-11-29,Gazole,2.25,9626,0,9626,264,0,264
2025-11-29,SP98,1.99,8133,71,7846,261,1,235
2025-11-30,E10,1.99,7605,2,7554,252,1,251
2025-11-30,Gazole,2.25,9626,0,9626,264,0,264
2025-11-30,SP98,1.99,8133,71,7846,261,1,235
2025-12-01,E10,1.99,7607,2,7558,252,1,251
2025-12-01,Gazole,2.25,9626,0,9626,264,0,264
2025-12-01,SP98,1.99,8132,71,7846,261,1,235
2025-12-02,E10,1.99,7608,2,7560,252,1,251
2025-12-02,Gazole,2.25,9627,0,9627,264,0,264
2025-12-02,SP98,1.99,8135,69,7855,261,1,235
2025-12-03,E10,1.99,7609,2,7561,252,1,251
2025-12-03,Gazole,2.25,9628,0,9628,264,0,264
2025-12-03,SP98,1.99,8136,69,7855,261,1,235
2025-12-04,E10,1.99,7609,1,7564,252,1,251
2025-12-04,Gazole,2.25,9628,0,9628,264,0,264
2025-12-04,SP98,1.99,8136,70,7859,261,1,237
2025-12-05,E10,1.99,7611,1,7561,252,1,251
2025-12-05,Gazole,2.25,9631,0,9631,264,0,264
2025-12-05,SP98,1.99,8139,69,7863,261,1,237
2025-12-06,E10,1.99,7611,1,7561,252,1,251
2025-12-06,Gazole,2.25,9632,0,9632,264,0,264
2025-12-06,SP98,1.99,8140,68,7868,261,1,238
2025-12-07,E10,1.99,7611,1,7561,252,1,251
2025-12-07,Gazole,2.25,9632,0,9632,264,0,264
2025-12-07,SP98,1.99,8140,68,7868,261,1,238
2025-12-08,E10,1.99,7613,1,7566,252,1,251
2025-12-08,Gazole,2.25,9635,0,9635,264,0,264
2025-12-08,SP98,1.99,8143,68,7873,261,1,238
2025-12-09,E10,1.99,7614,1,7566,252,1,251
2025-12-09,Gazole,2.25,9635,0,9635,264,0,264
2025-12-09,SP98,1.99,8144,56,7889,261,1,240
2025-12-10,E10,1.99,7616,3,7572,252,1,251
2025-12-10,Gazole,2.25,9635,0,9635,264,0,264
2025-12-10,SP98,1.99,8145,59,7891,261,1,240
2025-12-11,E10,1.99,7616,5,7575,252,1,250
2025-12-11,Gazole,2.25,9634,0,9634,264,0,264
2025-12-11,SP98,1.99,8144,52,7895,261,1,235
2025-12-12,E10,1.99,7620,1,7574,252,1,251
2025-12-12,Gazole,2.25,9636,0,9636,264,0,264
2025-12-12,SP98,1.99,8146,50,7913,261,1,244
2025-12-13,E10,1.99,7619,1,7573,252,1,251
2025-12-13,Gazole,2.25,9636,0,9636,264,0,264
2025-12-13,SP98,1.99,8146,49,7921,261,1,246
2025-12-14,E10,1.99,7619,1,7573,252,1,251
2025-12-14,Gazole,2.25,9633,0,9633,264,0,264
2025-12-14,SP98,1.99,8143,48,7919,261,1,246
2025-12-15,E10,1.99,7619,1,7597,252,1,251
2025-12-15,Gazole,2.25,9632,0,9632,264,0,264
2025-12-15,SP98,1.99,8143,48,7919,261,1,246
2025-12-16,E10,1.99,7621,1,7604,252,1,251
2025-12-16,Gazole,2.25,9634,0,9634,264,0,264
2025-12-16,SP98,1.99,8144,42,7929,261,1,247
2025-12-17,E10,1.99,7622,1,7606,252,1,251
2025-12-17,Gazole,2.25,9634,0,9634,264,0,264
2025-12-17,SP98,1.99,8144,42,7936,261,1,249
2025-12-18,E10,1.99,7623,1,7606,252,1,251
2025-12-18,Gazole,2.25,9635,0,9635,264,0,264
2025-12-18,SP98,1.99,8143,35,7944,261,1,250
2025-12-19,E10,1.99,7624,1,7581,252,1,251
2025-12-19,Gazole,2.25,9636,0,9636,264,0,264
2025-12-19,SP98,1.99,8145,30,7954,261,1,249
2025-12-20,E10,1.99,7624,1,7580,252,1,251
2025-12-20,Gazole,2.25,9636,0,9636,264,0,264
2025-12-20,SP98,1.99,8145,23,7969,261,1,250
2025-12-21,E10,1.99,7621,1,7577,252,1,251
2025-12-21,Gazole,2.25,9631,0,9631,264,0,264
2025-12-21,SP98,1.99,8142,23,7965,261,1,250
2025-12-22,E10,1.99,7623,1,7608,252,1,251
2025-12-22,Gazole,2.25,9632,0,9632,264,0,264
2025-12-22,SP98,1.99,8144,23,7966,261,1,250
2025-12-23,E10,1.99,7623,1,7607,252,1,251
2025-12-23,Gazole,2.25,9632,0,9632,264,0,264
2025-12-23,SP98,1.99,8145,25,7967,261,1,251
2025-12-24,E10,1.99,7624,1,7608,252,1,251
2025-12-24,Gazole,2.25,9633,0,9633,264,0,264
2025-12-24,SP98,1.99,8148,16,7985,262,1,250
2025-12-25,E10,1.99,7623,2,7606,252,1,251
2025-12-25,Gazole,2.25,9632,0,9632,264,0,264
2025-12-25,SP98,1.99,8148,20,7983,262,1,249
2025-12-26,E10,1.99,7624,1,7582,252,1,251
2025-12-26,Gazole,2.25,9631,0,9631,264,0,264
2025-12-26,SP98,1.99,8148,20,7985,262,1,249
2025-12-27,E10,1.99,7625,1,7583,252,1,251
2025-12-27,Gazole,2.25,9631,0,9631,264,0,264
2025-12-27,SP98,1.99,8148,19,7988,262,1,249
2025-12-28,E10,1.99,7626,1,7584,252,1,251
2025-12-28,Gazole,2.25,9631,0,9631,264,0,264
2025-12-28,SP98,1.99,8149,19,7989,262,1,249
2025-12-29,E10,1.99,7626,2,7607,252,1,251
2025-12-29,Gazole,2.25,9631,0,9631,264,0,264
2025-12-29,SP98,1.99,8147,17,7989,262,1,249
2025-12-30,E10,1.99,7626,1,7609,252,1,251
2025-12-30,Gazole,2.25,9631,0,9631,264,0,264
2025-12-30,SP98,1.99,8148,17,7990,262,1,249
2025-12-31,E10,1.99,7626,1,7602,252,1,251
2025-12-31,Gazole,2.25,9631,0,9631,264,0,264
2025-12-31,SP98,1.99,8148,16,7993,262,1,249
2026-01-01,E10,1.99,7624,1,7580,252,1,251
2026-01-01,Gazole,2.25,9629,0,9629,264,0,264
2026-01-01,SP98,1.99,8146,20,7983,262,1,248
2026-01-02,E10,1.99,7623,1,7574,252,1,251
2026-01-02,Gazole,2.25,9630,0,9630,264,0,264
2026-01-02,SP98,1.99,8144,20,7966,262,1,246
2026-01-03,E10,1.99,7623,1,7574,252,1,251
2026-01-03,Gazole,2.25,9630,0,9630,264,0,264
2026-01-03,SP98,1.99,8144,20,7960,262,1,246
2026-01-04,E10,1.99,7621,1,7572,252,1,251
2026-01-04,Gazole,2.25,9627,0,9627,264,0,264
2026-01-04,SP98,1.99,8142,20,7958,262,1,246
2026-01-05,E10,1.99,7621,1,7576,252,1,251
2026-01-05,Gazole,2.25,9625,0,9625,264,0,264
2026-01-05,SP98,1.99,8139,20,7967,262,1,247
2026-01-06,E10,1.99,7624,1,7581,252,1,251
2026-01-06,Gazole,2.25,9628,0,9628,264,0,264
2026-01-06,SP98,1.99,8142,30,7958,262,1,245
2026-01-07,E10,1.99,7624,1,7582,252,1,251
2026-01-07,Gazole,2.25,9630,0,9629,264,0,264
2026-01-07,SP98,1.99,8143,33,7955,262,1,246
2026-01-08,E10,1.99,7623,1,7583,252,1,251
2026-01-08,Gazole,2.25,9629,0,9629,264,0,264
2026-01-08,SP98,1.99,8142,32,7956,262,1,246
2026-01-09,E10,1.99,7624,3,7584,252,1,251
2026-01-09,Gazole,2.25,9630,0,9630,264,0,264
2026-01-09,SP98,1.99,8143,31,7958,262,1,246
2026-01-10,E10,1.99,7624,3,7584,252,1,251
2026-01-10,Gazole,2.25,9630,0,9630,264,0,264
2026-01-10,SP98,1.99,8143,26,7964,262,1,247
2026-01-11,E10,1.99,7623,3,7583,252,1,251
2026-01-11,Gazole,2.25,9630,0,9630,264,0,264
2026-01-11,SP98,1.99,8143,26,7964,262,1,247
2026-01-12,E10,1.99,7624,1,7586,252,1,251
2026-01-12,Gazole,2.25,9628,0,9628,264,0,264
2026-01-12,SP98,1.99,8142,26,7963,262,1,247
2026-01-13,E10,1.99,7626,1,7588,252,1,251
2026-01-13,Gazole,2.25,9630,0,9630,264,0,264
2026-01-13,SP98,1.99,8143,27,7960,262,1,245
2026-01-14,E10,1.99,7628,1,7590,252,1,251
2026-01-14,Gazole,2.25,9632,0,9632,264,0,264
2026-01-14,SP98,1.99,8145,30,7961,262,1,246
2026-01-15,E10,1.99,7630,1,7592,252,1,251
2026-01-15,Gazole,2.25,9633,0,9633,264,0,264
2026-01-15,SP98,1.99,8147,35,7950,262,1,242
2026-01-16,E10,1.99,7629,1,7588,252,1,251
2026-01-16,Gazole,2.25,9630,0,9630,264,0,264
2026-01-16,SP98,1.99,8145,34,7946,262,1,242
2026-01-17,E10,1.99,7630,1,7589,252,1,251
2026-01-17,Gazole,2.25,9624,0,9624,264,0,264
2026-01-17,SP98,1.99,8141,33,7945,262,1,244
2026-01-18,E10,1.99,7628,1,7587,252,1,251
2026-01-18,Gazole,2.25,9619,0,9619,264,0,264
2026-01-18,SP98,1.99,8138,33,7942,262,1,244
2026-01-19,E10,1.99,7628,1,7592,252,1,251
2026-01-19,Gazole,2.25,9614,0,9614,264,0,264
2026-01-19,SP98,1.99,8131,33,7934,261,1,243
2026-01-20,E10,1.99,7628,1,7592,252,1,251
2026-01-20,Gazole,2.25,9614,0,9614,264,0,264
2026-01-20,SP98,1.99,8130,31,7937,261,1,245
2026-01-21,E10,1.99,7628,1,7591,252,1,251
2026-01-21,Gazole,2.25,9613,0,9613,264,0,264
2026-01-21,SP98,1.99,8131,30,7941,261,1,246
2026-01-22,E10,1.99,7628,1,7591,252,1,251
2026-01-22,Gazole,2.25,9607,0,9607,264,0,264
2026-01-22,SP98,1.99,8128,37,7928,261,1,243
2026-01-23,E10,1.99,7630,1,7589,252,1,251
2026-01-23,Gazole,2.25,9605,0,9605,264,0,264
2026-01-23,SP98,1.99,8126,35,7927,261,1,243
2026-01-24,E10,1.99,7623,1,7581,252,1,251
2026-01-24,Gazole,2.25,9598,0,9598,264,0,264
2026-01-24,SP98,1.99,8121,37,7920,261,1,245
2026-01-25,E10,1.99,7622,1,7580,252,1,251
2026-01-25,Gazole,2.25,9596,0,9596,264,0,264
2026-01-25,SP98,1.99,8120,37,7919,261,1,245
2026-01-26,E10,1.99,7617,1,7580,252,1,251
2026-01-26,Gazole,2.25,9589,0,9589,264,0,264
2026-01-26,SP98,1.99,8113,37,7914,261,1,245
2026-01-27,E10,1.99,7614,1,7578,252,1,251
2026-01-27,Gazole,2.25,9585,0,9584,264,0,264
2026-01-27,SP98,1.99,8108,34,7919,261,1,245
2026-01-28,E10,1.99,7615,1,7579,252,1,251
2026-01-28,Gazole,2.25,9586,0,9585,264,0,264
2026-01-28,SP98,1.99,8110,34,7920,261,1,246
2026-01-29,E10,1.99,7602,1,7565,252,1,251
2026-01-29,Gazole,2.25,9573,0,9572,264,0,264
2026-01-29,SP98,1.99,8100,35,7909,261,1,244
2026-01-30,E10,1.99,7586,1,7544,252,1,251
2026-01-30,Gazole,2.25,9553,0,9553,264,0,264
2026-01-30,SP98,1.99,8084,34,7894,261,1,244
2026-01-31,E10,1.99,7454,1,7415,242,1,241
2026-01-31,Gazole,2.25,9411,0,9411,254,0,254
2026-01-31,SP98,1.99,7998,35,7820,252,1,234
2026-02-01,E10,1.99,7454,1,7415,242,1,241
2026-02-01,Gazole,2.25,9411,0,9411,254,0,254
2026-02-01,SP98,1.99,7998,35,7819,252,1,234
2026-02-02,E10,1.99,7456,1,7422,242,1,241
2026-02-02,Gazole,2.25,9413,0,9413,254,0,254
2026-02-02,SP98,1.99,8001,35,7822,252,1,234
2026-02-03,E10,1.99,7457,1,7424,242,1,241
2026-02-03,Gazole,2.25,9415,0,9415,254,0,254
2026-02-03,SP98,1.99,8004,34,7821,252,1,233
2026-02-04,E10,1.99,7458,1,7425,242,1,241
2026-02-04,Gazole,2.25,9416,0,9416,254,0,254
2026-02-04,SP98,1.99,8007,34,7825,252,1,233
2026-02-05,E10,1.99,7459,1,7424,242,1,241
2026-02-05,Gazole,2.25,9417,0,9417,254,0,254
2026-02-05,SP98,1.99,8008,34,7825,252,1,233
2026-02-06,E10,1.99,7460,1,7417,242,1,241
2026-02-06,Gazole,2.25,9417,0,9417,254,0,254
2026-02-06,SP98,1.99,8009,29,7834,252,1,234
2026-02-07,E10,1.99,7461,1,7412,242,1,241
2026-02-07,Gazole,2.25,9419,0,9419,254,0,254
2026-02-07,SP98,1.99,8011,28,7837,252,1,234
2026-02-08,E10,1.99,7461,1,7412,242,1,241
2026-02-08,Gazole,2.25,9419,0,9419,254,0,254
2026-02-08,SP98,1.99,8011,28,7837,252,1,234
2026-02-09,E10,1.99,7464,1,7420,242,1,241
2026-02-09,Gazole,2.25,9421,0,9421,254,0,254
2026-02-09,SP98,1.99,8014,29,7839,252,1,233
2026-02-10,E10,1.99,7465,1,7423,242,1,241
2026-02-10,Gazole,2.25,9421,0,9421,254,0,254
2026-02-10,SP98,1.99,8014,29,7836,252,1,231
2026-02-11,E10,1.99,7465,1,7421,242,1,241
2026-02-11,Gazole,2.25,9422,0,9422,254,0,254
2026-02-11,SP98,1.99,8014,35,7824,252,1,229
2026-02-12,E10,1.99,7465,1,7420,242,1,241
2026-02-12,Gazole,2.25,9422,0,9422,254,0,254
2026-02-12,SP98,1.99,8014,47,7803,252,1,228
2026-02-13,E10,1.99,7467,1,7419,242,1,241
2026-02-13,Gazole,2.25,9423,0,9423,254,0,254
2026-02-13,SP98,1.99,8016,43,7807,252,2,227
2026-02-14,E10,1.99,7468,1,7420,242,1,241
2026-02-14,Gazole,2.25,9423,0,9423,254,0,254
2026-02-14,SP98,1.99,8016,41,7811,252,2,228
2026-02-15,E10,1.99,7467,1,7419,242,1,241
2026-02-15,Gazole,2.25,9423,0,9423,254,0,254
2026-02-15,SP98,1.99,8015,41,7811,252,2,228
2026-02-16,E10,1.99,7468,1,7422,242,1,241
2026-02-16,Gazole,2.25,9422,0,9422,254,0,254
2026-02-16,SP98,1.99,8015,41,7811,252,2,228
2026-02-17,E10,1.99,7468,1,7424,242,1,241
2026-02-17,Gazole,2.25,9424,0,9424,254,0,254
2026-02-17,SP98,1.99,8016,41,7812,252,2,228
2026-02-18,E10,1.99,7472,1,7428,242,1,241
2026-02-18,Gazole,2.25,9426,0,9426,254,0,254
2026-02-18,SP98,1.99,8018,41,7816,252,2,228
2026-02-19,E10,1.99,7471,1,7427,242,1,241
2026-02-19,Gazole,2.25,9427,0,9427,254,0,254
2026-02-19,SP98,1.99,8018,41,7816,252,2,228
2026-02-20,E10,1.99,7472,1,7422,242,1,241
2026-02-20,Gazole,2.25,9427,0,9427,254,0,254
2026-02-20,SP98,1.99,8018,51,7798,252,2,226
2026-02-21,E10,1.99,7472,1,7420,242,1,241
2026-02-21,Gazole,2.25,9428,0,9428,254,0,254
2026-02-21,SP98,1.99,8019,51,7798,252,2,226
2026-02-22,E10,1.99,7472,1,7420,242,1,241
2026-02-22,Gazole,2.25,9427,0,9427,254,0,254
2026-02-22,SP98,1.99,8019,51,7798,252,2,226
2026-02-23,E10,1.99,7475,1,7425,242,1,241
2026-02-23,Gazole,2.25,9428,0,9428,254,0,254
2026-02-23,SP98,1.99,8022,51,7798,252,2,225
2026-02-24,E10,1.99,7475,1,7425,242,1,241
2026-02-24,Gazole,2.25,9428,0,9428,254,0,254
2026-02-24,SP98,1.99,8022,58,7787,252,2,223
2026-02-25,E10,1.99,7475,2,7423,242,1,241
2026-02-25,Gazole,2.25,9428,0,9428,254,0,254
2026-02-25,SP98,1.99,8022,59,7787,252,2,223
2026-02-26,E10,1.99,7475,2,7420,242,1,241
2026-02-26,Gazole,2.25,9428,0,9428,254,0,254
2026-02-26,SP98,1.99,8022,60,7775,252,1,220
2026-02-27,E10,1.99,7476,2,7411,242,1,241
2026-02-27,Gazole,2.25,9429,0,9429,254,0,254
2026-02-27,SP98,1.99,8023,61,7779,252,1,220
2026-02-28,E10,1.99,7476,2,7411,242,1,241
2026-02-28,Gazole,2.25,9429,0,9429,254,0,254
2026-02-28,SP98,1.99,8023,65,7769,252,1,218
2026-03-01,E10,1.99,7476,2,7408,242,1,240
2026-03-01,Gazole,2.25,9429,0,9429,254,0,254
2026-03-01,SP98,1.99,8023,65,7769,252,1,218
2026-03-02,E10,1.99,7479,1,7410,242,1,240
2026-03-02,Gazole,2.25,9430,0,9430,254,0,254
2026-03-02,SP98,1.99,8025,77,7719,252,2,210
2026-03-03,E10,1.99,7485,15,7376,242,1,232
2026-03-03,Gazole,2.25,9434,0,9434,254,0,254
2026-03-03,SP98,1.99,8028,216,7334,252,57,128
2026-03-04,E10,1.99,7490,33,7335,242,2,224
2026-03-04,Gazole,2.25,9437,0,9406,254,0,253
2026-03-04,SP98,1.99,8031,309,7106,252,62,112
2026-03-05,E10,1.99,7497,28,7343,242,2,226
2026-03-05,Gazole,2.25,9444,0,9414,254,0,253
2026-03-05,SP98,1.99,8034,333,6937,252,60,112
2026-03-06,E10,1.99,7505,66,7279,242,2,226
2026-03-06,Gazole,2.25,9449,0,9393,254,0,249
2026-03-06,SP98,1.99,8038,658,6464,252,64,108
2026-03-07,E10,1.99,7506,80,7256,242,1,223
2026-03-07,Gazole,2.25,9452,1,9362,254,1,247
2026-03-07,SP98,1.99,8040,870,6213,252,66,106
2026-03-08,E10,1.99,7506,80,7255,242,1,222
2026-03-08,Gazole,2.25,9452,1,9362,254,1,247
2026-03-08,SP98,1.99,8040,874,6198,252,65,105
2026-03-09,E10,1.99,7516,84,7218,242,1,202
2026-03-09,Gazole,2.25,9463,2,9358,255,1,240
2026-03-09,SP98,1.99,8049,1015,5912,253,68,97
2026-03-10,E10,1.99,7528,104,7167,242,1,201
2026-03-10,Gazole,2.25,9475,2,9332,255,0,236
2026-03-10,SP98,1.99,8057,1167,5357,253,67,91
2026-03-11,E10,1.99,7534,122,7118,242,2,198
2026-03-11,Gazole,2.25,9482,2,9375,255,0,239
2026-03-11,SP98,1.99,8063,1195,5142,253,68,90
2026-03-12,E10,1.99,7542,254,6957,242,57,140
2026-03-12,Gazole,2.25,9492,3,9363,255,0,242
2026-03-12,SP98,1.99,8074,1295,4980,253,85,66
2026-03-13,E10,1.99,7553,486,6638,243,60,121
2026-03-13,Gazole,2.25,9508,2,9356,256,0,240
2026-03-13,SP98,1.99,8086,1724,4363,254,115,35
2026-03-14,E10,1.99,7555,349,6751,243,59,123
2026-03-14,Gazole,2.25,9510,2,9356,256,0,240
2026-03-14,SP98,1.99,8087,1480,4578,254,103,49
2026-03-15,E10,1.99,7556,344,6756,243,59,123
2026-03-15,Gazole,2.25,9511,2,9356,256,0,239
2026-03-15,SP98,1.99,8088,1478,4560,254,103,49
2026-03-16,E10,1.99,7559,403,6671,243,61,120
2026-03-16,Gazole,2.25,9516,3,9358,256,0,239
2026-03-16,SP98,1.99,8089,1488,4217,254,105,45
2026-03-17,E10,1.99,7567,1029,5927,243,67,111
2026-03-17,Gazole,2.25,9526,4,9341,256,0,235
2026-03-17,SP98,1.99,8097,2054,3130,254,116,24
2026-03-18,E10,1.99,7574,1129,5743,243,87,79
2026-03-18,Gazole,2.25,9533,5,9294,256,0,213
2026-03-18,SP98,1.99,8101,2064,2804,254,116,21
2026-03-19,E10,1.99,7576,1158,5598,243,88,71
2026-03-19,Gazole,2.25,9537,8,9124,256,0,180
2026-03-19,SP98,1.99,8104,2073,2363,254,116,18
2026-03-20,E10,1.99,7578,1269,4947,243,111,34
2026-03-20,Gazole,2.25,9539,23,8808,256,1,171
2026-03-20,SP98,1.99,8106,2056,1475,254,113,13
2026-03-21,E10,1.99,7581,1543,4438,243,116,27
2026-03-21,Gazole,2.25,9541,33,8658,256,1,164
2026-03-21,SP98,1.99,8107,2059,1137,254,113,12
2026-03-22,E10,1.99,7581,1536,4400,243,116,27
2026-03-22,Gazole,2.25,9541,35,8619,256,1,165
2026-03-22,SP98,1.99,8107,2053,1113,254,110,12
2026-03-23,E10,1.99,7583,1568,3777,243,117,22
2026-03-23,Gazole,2.25,9544,61,7526,256,1,154
2026-03-23,SP98,1.99,8108,1998,641,254,108,7
2026-03-24,E10,1.99,7583,1190,3772,243,75,68
2026-03-24,Gazole,2.25,9544,63,6012,256,0,147
2026-03-24,SP98,1.99,8108,1961,383,254,111,4
2026-03-25,E10,1.99,7586,1570,3415,243,115,27
2026-03-25,Gazole,2.25,9552,74,5759,256,0,151
2026-03-25,SP98,1.99,8112,1953,302,254,107,4
2026-03-26,E10,1.99,7590,848,4389,243,66,90
2026-03-26,Gazole,2.25,9557,85,5843,256,0,149
2026-03-26,SP98,1.99,8114,1965,324,254,106,7
2026-03-27,E10,1.99,7592,1321,4192,243,118,34
2026-03-27,Gazole,2.25,9559,71,6346,256,1,151
2026-03-27,SP98,1.99,8116,1965,309,254,106,7
2026-03-28,E10,1.99,7593,1456,4122,243,120,32
2026-03-28,Gazole,2.25,9559,78,6378,256,3,148
2026-03-28,SP98,1.99,8116,1964,299,254,105,6
2026-03-29,E10,1.99,7592,1460,4112,243,120,32
2026-03-29,Gazole,2.25,9558,77,6365,256,3,148
2026-03-29,SP98,1.99,8115,1964,290,254,105,6
2026-03-30,E10,1.99,7595,1482,3990,243,120,27
2026-03-30,Gazole,2.25,9560,70,5719,256,2,137
2026-03-30,SP98,1.99,8117,1957,230,254,105,3
2026-03-31,E10,1.99,7603,1715,3309,243,118,22
2026-03-31,Gazole,2.25,9566,70,4669,256,2,127
2026-03-31,SP98,1.99,8118,1935,170,254,105,2
2026-04-01,E10,1.99,7609,1647,2913,243,111,17
2026-04-01,Gazole,2.25,9574,61,3814,256,1,120
2026-04-01,SP98,1.99,8126,1911,121,254,105,2
2026-04-02,E10,1.99,7615,1496,2870,243,107,13
2026-04-02,Gazole,2.25,9580,71,3576,256,2,117
2026-04-02,SP98,1.99,8129,1894,92,254,105,1
2026-04-03,E10,1.99,7615,1499,2801,243,104,17
2026-04-03,Gazole,2.25,9582,44,3032,256,0,114
2026-04-03,SP98,1.99,8130,1885,70,254,105,1
2026-04-04,E10,1.99,7615,1566,2653,243,105,16
2026-04-04,Gazole,2.25,9580,33,2771,256,0,112
2026-04-04,SP98,1.99,8129,1883,71,254,105,1
2026-04-05,E10,1.99,7612,1574,2635,243,105,16
2026-04-05,Gazole,2.25,9580,33,2745,256,0,111
2026-04-05,SP98,1.99,8129,1885,70,254,105,1
2026-04-06,E10,1.99,7612,1575,2618,243,105,16
2026-04-06,Gazole,2.25,9579,30,2729,256,0,111
2026-04-06,SP98,1.99,8129,1885,70,254,105,1
2026-04-07,E10,1.99,7614,1581,2347,243,106,11
2026-04-07,Gazole,2.25,9582,93,2419,256,2,106
2026-04-07,SP98,1.99,8130,1883,63,254,106,1
2026-04-08,E10,1.99,7620,1595,1976,243,106,4
2026-04-08,Gazole,2.25,9585,1404,1012,256,71,36
2026-04-08,SP98,1.99,8133,1884,61,254,106,1
2026-04-09,E10,1.99,7621,1153,2672,243,81,34
2026-04-09,Gazole,2.25,9589,1333,1313,256,59,52
2026-04-09,SP98,1.99,8133,1893,84,254,106,2
2026-04-10,E10,1.99,7621,1225,3265,243,76,68
2026-04-10,Gazole,2.25,9591,1680,1615,256,85,32
2026-04-10,SP98,1.99,8134,1899,82,254,106,1
2026-04-11,E10,1.99,7622,1269,3396,243,86,63
2026-04-11,Gazole,2.25,9592,1524,1991,256,60,58
2026-04-11,SP98,1.99,8135,1906,85,254,106,2
2026-04-12,E10,1.99,7622,1270,3410,243,87,61
2026-04-12,Gazole,2.25,9592,1520,1987,256,59,58
2026-04-12,SP98,1.99,8134,1906,79,254,106,1
2026-04-13,E10,1.99,7624,1277,3597,243,85,64
2026-04-13,Gazole,2.25,9595,1572,1884,256,60,53
2026-04-13,SP98,1.99,8138,1897,63,254,105,1
2026-04-14,E10,1.99,7625,1358,3553,243,108,38
2026-04-14,Gazole,2.25,9598,1988,1485,256,92,21
2026-04-14,SP98,1.99,8140,1893,56,254,106,1
2026-04-15,E10,1.99,7627,1223,3800,243,72,84
2026-04-15,Gazole,2.25,9599,1453,2400,256,62,58
2026-04-15,SP98,1.99,8141,1893,54,254,106,1
2026-04-16,E10,1.99,7627,1218,3972,243,75,86
2026-04-16,Gazole,2.25,9598,1147,3491,256,61,79
2026-04-16,SP98,1.99,8141,1893,60,254,107,1
2026-04-17,E10,1.99,7629,1082,4375,243,73,93
2026-04-17,Gazole,2.25,9600,1070,4548,256,61,94
2026-04-17,SP98,1.99,8142,1886,87,254,106,3
2026-04-18,E10,1.99,7630,694,4855,243,70,106
2026-04-18,Gazole,2.25,9600,669,5286,256,5,170
2026-04-18,SP98,1.99,8142,1619,369,254,106,2
2026-04-19,E10,1.99,7630,679,4876,243,70,106
2026-04-19,Gazole,2.25,9600,656,5320,256,5,170
2026-04-19,SP98,1.99,8142,1612,375,254,106,2
2026-04-20,E10,1.99,7631,623,5047,243,70,115
2026-04-20,Gazole,2.25,9602,547,5931,256,5,188
2026-04-20,SP98,1.99,8142,1609,387,254,106,3
2026-04-21,E10,1.99,7632,954,4831,243,73,102
2026-04-21,Gazole,2.25,9603,515,6500,256,3,198
2026-04-21,SP98,1.99,8144,1897,169,254,106,5
2026-04-22,E10,1.99,7647,1151,4725,243,73,96
2026-04-22,Gazole,2.25,9616,565,6822,256,6,196
2026-04-22,SP98,1.99,8159,1918,194,254,107,5
2026-04-23,E10,1.99,7647,1271,4555,243,110,47
2026-04-23,Gazole,2.25,9618,867,6727,256,55,138
2026-04-23,SP98,1.99,8159,1928,167,254,107,4
2026-04-24,E10,1.99,7649,1378,4194,243,122,31
2026-04-24,Gazole,2.25,9623,924,6863,256,61,136
2026-04-24,SP98,1.99,8163,1910,122,254,107,3
2026-04-25,E10,1.99,7648,1363,4083,243,117,35
2026-04-25,Gazole,2.25,9622,1057,6797,256,65,130
2026-04-25,SP98,1.99,8159,1901,105,254,106,1
2026-04-26,E10,1.99,7648,1360,4060,243,117,35
2026-04-26,Gazole,2.25,9621,1064,6798,256,65,130
2026-04-26,SP98,1.99,8159,1901,99,254,106,1
2026-04-27,E10,1.99,7647,1372,3558,243,117,33
2026-04-27,Gazole,2.25,9621,1146,6804,256,66,125
2026-04-27,SP98,1.99,8159,1888,72,254,106,1
2026-04-28,E10,1.99,7647,1601,2844,243,125,19
2026-04-28,Gazole,2.25,9621,1313,6687,256,66,113
2026-04-28,SP98,1.99,8158,1879,59,254,106,1
2026-04-29,E10,1.99,7650,1735,2446,243,125,16
2026-04-29,Gazole,2.25,9622,1182,6871,256,66,120
2026-04-29,SP98,1.99,8160,1879,54,254,106,1
2026-04-30,E10,1.99,7649,2038,1721,243,123,12
2026-04-30,Gazole,2.25,9623,1454,6586,256,86,78
2026-04-30,SP98,1.99,8161,1879,46,254,105,1
2026-05-01,E10,1.99,7648,2040,1689,243,121,11
2026-05-01,Gazole,2.25,9623,557,7511,255,6,171
2026-05-01,SP98,1.99,8160,1880,44,253,106,1
2026-05-02,E10,1.99,7647,2045,1440,243,122,7
2026-05-02,Gazole,2.25,9623,445,7602,255,5,172
2026-05-02,SP98,1.99,8159,1878,43,253,106,1
2026-05-03,E10,1.99,7646,2049,1420,243,122,7
2026-05-03,Gazole,2.25,9622,465,7576,255,6,171
2026-05-03,SP98,1.99,8158,1877,43,253,106,1
2026-05-04,E10,1.99,7648,1994,771,243,115,2
2026-05-04,Gazole,2.25,9622,1378,6521,255,81,82
2026-05-04,SP98,1.99,8160,1877,40,253,106,1
2026-05-05,E10,1.99,7650,1927,444,243,105,2
2026-05-05,Gazole,2.25,9624,1512,6440,255,89,73
2026-05-05,SP98,1.99,8160,1875,40,253,106,1
2026-05-06,E10,1.99,7653,1880,328,243,105,3
2026-05-06,Gazole,2.25,9625,1481,6527,255,74,99
2026-05-06,SP98,1.99,8160,1875,37,253,106,1
2026-05-07,E10,1.99,7656,1447,650,243,102,5
2026-05-07,Gazole,2.25,9629,577,7614,255,37,157
2026-05-07,SP98,1.99,8164,1879,38,253,106,1
2026-05-08,E10,1.99,7656,1292,800,243,94,13
2026-05-08,Gazole,2.25,9629,312,7988,255,5,204
2026-05-08,SP98,1.99,8164,1880,37,253,106,1
2026-05-09,E10,1.99,7653,1766,357,243,104,9
2026-05-09,Gazole,2.25,9627,284,8046,255,4,208
2026-05-09,SP98,1.99,8163,1880,33,253,106,1
2026-05-10,E10,1.99,7652,1806,316,243,104,9
2026-05-10,Gazole,2.25,9627,308,8031,255,4,208
2026-05-10,SP98,1.99,8163,1880,33,253,106,1
2026-05-11,E10,1.99,7657,1903,504,243,103,11
2026-05-11,Gazole,2.25,9630,450,8037,255,7,210
2026-05-11,SP98,1.99,8167,1881,33,253,106,1
2026-05-12,E10,1.99,7657,1956,593,243,103,10
2026-05-12,Gazole,2.25,9632,477,8123,255,12,203
2026-05-12,SP98,1.99,8168,1881,31,253,106,1
2026-05-13,E10,1.99,7658,1960,491,243,104,6
2026-05-13,Gazole,2.25,9634,469,8213,255,46,160
2026-05-13,SP98,1.99,8169,1879,32,253,106,1
2026-05-14,E10,1.99,7659,1960,478,243,104,6
2026-05-14,Gazole,2.25,9636,233,8497,255,5,214
2026-05-14,SP98,1.99,8171,1882,31,253,106,1
2026-05-15,E10,1.99,7659,1920,254,243,103,4
2026-05-15,Gazole,2.25,9635,193,8601,255,3,219
2026-05-15,SP98,1.99,8170,1883,31,253,106,1
2026-05-16,E10,1.99,7659,1906,193,243,104,3
2026-05-16,Gazole,2.25,9635,194,8625,255,3,219
2026-05-16,SP98,1.99,8170,1883,31,253,106,1
2026-05-17,E10,1.99,7658,1904,191,243,104,3
2026-05-17,Gazole,2.25,9634,229,8591,255,4,218
2026-05-17,SP98,1.99,8169,1882,31,253,106,1
2026-05-18,E10,1.99,7661,1888,150,243,104,2
2026-05-18,Gazole,2.25,9639,519,8310,255,52,155
2026-05-18,SP98,1.99,8172,1881,31,253,106,1
2026-05-19,E10,1.99,7661,1872,100,243,104,2
2026-05-19,Gazole,2.25,9639,727,8162,255,63,143
2026-05-19,SP98,1.99,8172,1879,33,253,106,1
2026-05-20,E10,1.99,7662,1869,77,243,104,1
2026-05-20,Gazole,2.25,9641,542,8403,255,58,147
2026-05-20,SP98,1.99,8173,1881,28,253,106,1
2026-05-21,E10,1.99,7666,1862,69,243,104,1
2026-05-21,Gazole,2.25,9642,438,8572,255,15,201
2026-05-21,SP98,1.99,8175,1883,28,253,106,1
2026-05-22,E10,1.99,7666,1863,65,243,104,1
2026-05-22,Gazole,2.25,9643,362,8786,255,4,220
2026-05-22,SP98,1.99,8174,1882,28,253,106,1
2026-05-23,E10,1.99,7667,1869,60,243,104,1
2026-05-23,Gazole,2.25,9643,179,8991,255,3,223
2026-05-23,SP98,1.99,8174,1881,29,253,106,1
2026-05-24,E10,1.99,7668,1869,60,243,104,1
2026-05-24,Gazole,2.25,9643,175,8996,255,3,223
2026-05-24,SP98,1.99,8173,1882,28,252,106,1
2026-05-25,E10,1.99,7668,1869,63,243,104,1
2026-05-25,Gazole,2.25,9643,189,8982,255,2,226
2026-05-25,SP98,1.99,8173,1882,28,252,106,1
2026-05-26,E10,1.99,7671,1870,71,243,104,1
2026-05-26,Gazole,2.25,9644,284,8907,255,6,222
2026-05-26,SP98,1.99,8174,1883,28,252,106,1
2026-05-27,E10,1.99,7671,1867,131,243,104,3
2026-05-27,Gazole,2.25,9646,270,8970,255,6,227
2026-05-27,SP98,1.99,8174,1885,27,252,106,1
2026-05-28,E10,1.99,7676,1421,937,243,100,16
2026-05-28,Gazole,2.25,9648,231,9041,255,4,233
2026-05-28,SP98,1.99,8173,1883,24,251,106,1
2026-05-29,E10,1.99,7676,1360,1874,243,96,32
2026-05-29,Gazole,2.25,9648,175,9140,255,3,234
2026-05-29,SP98,1.99,8173,1891,52,251,106,1
2026-05-30,E10,1.99,7676,1909,1707,243,110,22
2026-05-30,Gazole,2.25,9648,120,9208,255,3,235
2026-05-30,SP98,1.99,8173,1897,69,251,106,1
2026-05-31,E10,1.99,7675,1927,1704,243,110,25
2026-05-31,Gazole,2.25,9648,125,9206,255,3,235
2026-05-31,SP98,1.99,8171,1895,69,251,106,1
2026-06-01,E10,1.99,7677,1178,3212,243,79,80
2026-06-01,Gazole,2.25,9650,160,9198,255,5,234
2026-06-01,SP98,1.99,8173,1903,88,251,106,3
2026-06-02,E10,1.99,7682,1199,3896,243,76,95
2026-06-02,Gazole,2.25,9654,145,9244,255,4,232
2026-06-02,SP98,1.99,8177,1936,196,251,106,6
2026-06-03,E10,1.99,7685,1135,4322,243,70,105
2026-06-03,Gazole,2.25,9656,129,9311,255,4,241
2026-06-03,SP98,1.99,8179,1947,212,251,106,7
2026-06-04,E10,1.99,7683,1000,4684,243,69,104
2026-06-04,Gazole,2.25,9655,129,9309,255,4,238
2026-06-04,SP98,1.99,8178,1950,221,251,106,7
2026-06-05,E10,1.99,7685,674,5210,243,69,109
2026-06-05,Gazole,2.25,9656,92,9361,255,3,239
2026-06-05,SP98,1.99,8180,1817,361,251,106,7
2026-06-06,E10,1.99,7684,714,5237,243,69,118
2026-06-06,Gazole,2.25,9655,86,9376,255,3,240
2026-06-06,SP98,1.99,8181,1877,308,251,106,6
2026-06-07,E10,1.99,7685,717,5239,243,69,118
2026-06-07,Gazole,2.25,9655,86,9376,255,3,240
2026-06-07,SP98,1.99,8180,1879,306,251,106,6
2026-06-08,E10,1.99,7693,774,5304,243,69,119
2026-06-08,Gazole,2.25,9658,80,9398,255,3,243
2026-06-08,SP98,1.99,8184,1915,404,251,106,7
2026-06-09,E10,1.99,7695,992,5172,243,69,108
2026-06-09,Gazole,2.25,9657,77,9401,255,3,243
2026-06-09,SP98,1.99,8183,1989,353,251,106,3
2026-06-10,E10,1.99,7699,758,5522,243,69,116
2026-06-10,Gazole,2.25,9658,74,9419,255,3,245
2026-06-10,SP98,1.99,8186,1931,451,251,106,4
2026-06-11,E10,1.99,7709,981,5398,243,70,109
2026-06-11,Gazole,2.25,9660,69,9431,255,2,246
2026-06-11,SP98,1.99,8188,2047,437,251,107,5
2026-06-12,E10,1.99,7715,1090,5369,243,69,102
2026-06-12,Gazole,2.25,9660,59,9443,255,2,245
2026-06-12,SP98,1.99,8188,2044,408,251,107,6
2026-06-13,E10,1.99,7714,951,5537,243,69,103
2026-06-13,Gazole,2.25,9659,56,9460,255,2,246
2026-06-13,SP98,1.99,8188,2032,410,251,107,6
2026-06-14,E10,1.99,7714,952,5538,243,69,104
2026-06-14,Gazole,2.25,9659,55,9461,255,2,246
2026-06-14,SP98,1.99,8187,2032,406,251,107,6
2026-06-15,E10,1.99,7711,859,5712,243,69,111
2026-06-15,Gazole,2.25,9659,53,9484,255,2,247
2026-06-15,SP98,1.99,8186,2031,387,251,108,5
2026-06-16,E10,1.99,7715,467,6234,243,66,124
2026-06-16,Gazole,2.25,9661,50,9516,255,2,247
2026-06-16,SP98,1.99,8190,1700,921,251,108,6
2026-06-17,E10,1.99,7723,352,6465,243,63,132
2026-06-17,Gazole,2.25,9664,46,9531,255,2,247
2026-06-17,SP98,1.99,8194,1428,1608,251,104,16
2026-06-18,E10,1.99,7725,326,6564,243,63,135
2026-06-18,Gazole,2.25,9665,45,9540,255,2,247
2026-06-18,SP98,1.99,8195,1413,2020,251,104,19
2026-06-19,E10,1.99,7725,289,6682,243,63,137
2026-06-19,Gazole,2.25,9665,39,9574,255,3,247
2026-06-19,SP98,1.99,8196,1374,2803,251,99,41
2026-06-20,E10,1.99,7723,291,6695,243,62,137
2026-06-20,Gazole,2.25,9665,33,9560,255,2,249
2026-06-20,SP98,1.99,8195,1375,3036,251,107,33
2026-06-21,E10,1.99,7723,288,6701,243,62,137
2026-06-21,Gazole,2.25,9665,33,9560,255,2,249
2026-06-21,SP98,1.99,8195,1374,3056,251,107,33
2026-06-22,E10,1.99,7722,275,6736,243,62,137
2026-06-22,Gazole,2.25,9666,33,9589,255,2,249
2026-06-22,SP98,1.99,8194,1373,3327,251,107,36
2026-06-23,E10,1.99,7727,271,6790,243,62,138
2026-06-23,Gazole,2.25,9668,27,9605,255,2,249
2026-06-23,SP98,1.99,8196,1376,3474,251,105,39
2026-06-24,E10,1.99,7731,261,6847,243,61,139
2026-06-24,Gazole,2.25,9670,24,9613,255,2,249
2026-06-24,SP98,1.99,8197,1362,3638,251,105,38
2026-06-25,E10,1.99,7736,227,6916,243,49,155
2026-06-25,Gazole,2.25,9670,20,9619,255,2,249
2026-06-25,SP98,1.99,8197,1324,3892,251,88,56
2026-06-26,E10,1.99,7736,287,6881,242,62,135
2026-06-26,Gazole,2.25,9671,17,9598,254,2,248
2026-06-26,SP98,1.99,8197,1411,3994,250,105,23
2026-06-27,E10,1.99,7736,254,6958,242,60,140
2026-06-27,Gazole,2.25,9671,16,9617,254,2,248
2026-06-27,SP98,1.99,8198,1337,4136,250,96,49
2026-06-28,E10,1.99,7733,253,6961,242,60,140
2026-06-28,Gazole,2.25,9671,16,9618,254,2,248
2026-06-28,SP98,1.99,8198,1339,4134,250,96,49
2026-06-29,E10,1.99,7734,253,6990,242,60,141
2026-06-29,Gazole,2.25,9671,15,9628,254,2,248
2026-06-29,SP98,1.99,8198,1337,4143,250,96,51
2026-06-30,E10,1.99,7735,321,6934,242,63,136
2026-06-30,Gazole,2.25,9671,15,9631,254,2,248
2026-06-30,SP98,1.99,8199,1534,3981,250,106,20
2026-07-01,E10,1.99,7739,286,6976,242,63,135
2026-07-01,Gazole,2.25,9673,13,9636,254,2,248
2026-07-01,SP98,1.99,8201,1429,4109,250,106,21
2026-07-02,E10,1.99,7738,369,6887,242,64,133
2026-07-02,Gazole,2.25,9671,12,9636,254,2,248
2026-07-02,SP98,1.99,8200,1688,3800,250,106,18
2026-07-03,E10,1.99,7739,317,6951,242,63,133
2026-07-03,Gazole,2.25,9670,11,9610,254,1,249
2026-07-03,SP98,1.99,8201,1557,4156,250,107,22
2026-07-04,E10,1.99,7738,319,6952,242,63,134
2026-07-04,Gazole,2.25,9670,11,9609,254,1,249
2026-07-04,SP98,1.99,8200,1564,3943,250,107,21
2026-07-05,E10,1.99,7737,317,6953,242,63,133
2026-07-05,Gazole,2.25,9670,11,9609,254,1,249
2026-07-05,SP98,1.99,8198,1571,3899,250,107,18
2026-07-06,E10,1.99,7739,349,6922,242,63,134
2026-07-06,Gazole,2.25,9674,11,9639,254,1,249
2026-07-06,SP98,1.99,8201,1576,3861,250,106,19
2026-07-07,E10,1.99,7741,492,6779,242,66,127
2026-07-07,Gazole,2.25,9672,11,9638,254,0,250
2026-07-07,SP98,1.99,8201,1773,3388,250,105,15
2026-07-08,E10,1.99,7744,546,6698,242,66,129
2026-07-08,Gazole,2.25,9674,10,9619,254,0,250
2026-07-08,SP98,1.99,8202,1623,3338,250,105,14
2026-07-09,E10,1.99,7748,1025,6182,242,67,127
2026-07-09,Gazole,2.25,9675,9,9593,254,0,249
2026-07-09,SP98,1.99,8205,1988,2733,250,105,11
2026-07-10,E10,1.99,7750,981,6160,242,66,111
2026-07-10,Gazole,2.25,9677,10,9585,254,0,248
2026-07-10,SP98,1.99,8206,2026,2118,250,107,8
2026-07-11,E10,1.99,7750,929,6201,242,66,116
2026-07-11,Gazole,2.25,9677,10,9585,254,0,248
2026-07-11,SP98,1.99,8205,1991,1965,250,106,10
2026-07-12,E10,1.99,7749,929,6200,242,66,116
2026-07-12,Gazole,2.25,9676,10,9584,254,0,248
2026-07-12,SP98,1.99,8204,1990,1949,250,106,10
2026-07-13,E10,1.99,7751,947,6178,242,66,119
2026-07-13,Gazole,2.25,9675,9,9589,254,0,249
2026-07-13,SP98,1.99,8203,1994,1749,250,106,11
2026-07-14,E10,1.99,7751,1027,6046,242,66,114
2026-07-14,Gazole,2.25,9675,9,9568,254,0,246
2026-07-14,SP98,1.99,8203,2035,1634,250,106,11
2026-07-15,E10,1.99,7751,1120,5856,242,66,100
2026-07-15,Gazole,2.25,9675,22,9533,254,0,242
2026-07-15,SP98,1.99,8204,2049,1374,250,106,11
2026-07-16,E10,1.99,7752,1101,5435,242,100,44
2026-07-16,Gazole,2.25,9674,71,9458,254,1,241
2026-07-16,SP98,1.99,8203,1908,841,250,103,6
2026-07-17,E10,1.99,7754,479,4762,242,16,22
2026-07-17,Gazole,2.25,9673,20,9416,254,0,236
2026-07-17,SP98,1.99,8204,770,367,250,28,2
2026-07-18,E10,1.99,7754,465,4187,242,11,17
2026-07-18,Gazole,2.25,9673,19,9348,254,0,228
2026-07-18,SP98,1.99,8203,706,258,250,26,1
2026-07-19,E10,1.99,7754,465,4146,242,11,17
2026-07-19,Gazole,2.25,9673,19,9347,254,0,228
2026-07-19,SP98,1.99,8202,697,252,250,26,1
2026-07-20,E10,1.99,7753,478,3387,242,11,5
2026-07-20,Gazole,2.25,9674,22,9289,254,1,224
2026-07-20,SP98,1.99,8202,629,138,250,23,1
2026-07-21,E10,1.99,7754,436,2558,242,7,3
2026-07-21,Gazole,2.25,9675,47,9034,254,3,165
2026-07-21,SP98,1.99,8203,559,80,250,16,1
2026-07-22,E10,1.99,7756,468,2039,242,6,5
2026-07-22,Gazole,2.25,9678,319,8957,254,54,159
2026-07-22,SP98,1.99,8206,564,58,250,14,1
2026-07-23,E10,1.99,7759,1694,1612,242,117,3
2026-07-23,Gazole,2.25,9679,486,8725,254,60,149
2026-07-23,SP98,1.99,8207,1795,47,250,101,1
2026-07-24,E10,1.99,7762,1745,1150,242,102,2
2026-07-24,Gazole,2.25,9681,918,8056,254,65,119
2026-07-24,SP98,1.99,8208,1839,40,250,102,1
2026-07-25,E10,1.99,7760,1799,1018,242,101,4
2026-07-25,Gazole,2.25,9680,940,7996,254,64,118
2026-07-25,SP98,1.99,8208,1844,39,250,102,1
2026-07-26,E10,1.99,7760,1801,1001,242,101,4
2026-07-26,Gazole,2.25,9679,942,7989,254,64,117
2026-07-26,SP98,1.99,8208,1847,39,250,102,1
2026-07-27,E10,1.99,7759,1807,793,242,101,4
2026-07-27,Gazole,2.25,9678,999,7794,254,65,129
2026-07-27,SP98,1.99,8206,1850,35,250,102,1
2026-07-28,E10,1.99,7760,1893,827,242,100,11
2026-07-28,Gazole,2.25,9678,1049,7610,254,66,136
2026-07-28,SP98,1.99,8206,1863,33,250,102,1
2026-07-29,E10,1.99,7761,1782,1144,242,100,12
2026-07-29,Gazole,2.25,9678,1059,7565,254,67,135
2026-07-29,SP98,1.99,8206,1866,31,250,102,1
2026-07-30,E10,1.99,7763,1708,1264,243,100,13
2026-07-30,Gazole,2.25,9679,1120,7238,255,66,110
2026-07-30,SP98,1.99,8205,1868,27,250,104,1
2026-07-31,E10,1.99,7762,1672,1007,243,98,8
2026-07-31,Gazole,2.25,9678,1181,6590,255,67,115
2026-07-31,SP98,1.99,8204,1868,27,250,104,1
2026-08-01,E10,1.99,7763,1752,881,243,103,3
2026-08-01,Gazole,2.25,9678,1193,6421,255,72,107
2026-08-01,SP98,1.99,8204,1873,26,250,104,1
2026-08-02,E10,1.99,7763,1753,885,243,103,3
2026-08-02,Gazole,2.25,9678,1196,6407,255,72,108
2026-08-02,SP98,1.99,8204,1873,25,250,104,1
2026-08-03,E10,1.99,7764,1767,1058,243,103,5
2026-08-03,Gazole,2.25,9678,1335,6126,255,76,98
2026-08-03,SP98,1.99,8203,1872,23,250,104,1
2026-08-04,E10,1.99,7765,1670,1505,243,104,9
2026-08-04,Gazole,2.25,9678,1246,6120,255,67,116
2026-08-04,SP98,1.99,8202,1872,25,250,104,1
2026-08-05,E10,1.99,7765,1528,2261,243,101,31
2026-08-05,Gazole,2.25,9678,976,6606,255,64,131
2026-08-05,SP98,1.99,8204,1888,54,250,104,1
2026-08-06,E10,1.99,7768,1256,3198,243,70,81
2026-08-06,Gazole,2.25,9678,737,7139,255,56,147
2026-08-06,SP98,1.99,8204,1920,184,250,106,5
2026-08-07,E10,1.99,7770,1169,4040,243,70,90
2026-08-07,Gazole,2.25,9679,633,7606,255,42,164
2026-08-07,SP98,1.99,8204,1964,444,250,105,8
2026-08-08,E10,1.99,7767,1113,4324,243,69,93
2026-08-08,Gazole,2.25,9679,602,7750,255,41,164
2026-08-08,SP98,1.99,8203,1958,566,250,105,8
2026-08-09,E10,1.99,7767,1112,4352,243,69,94
2026-08-09,Gazole,2.25,9680,604,7761,255,41,163
2026-08-09,SP98,1.99,8202,1954,568,250,105,8
2026-08-10,E10,1.99,7767,1091,4597,243,68,97
2026-08-10,Gazole,2.25,9680,606,7925,255,41,163
2026-08-10,SP98,1.99,8201,1967,666,250,106,9
2026-08-11,E10,1.99,7766,1127,4568,243,71,84
2026-08-11,Gazole,2.25,9680,727,7837,255,63,133
2026-08-11,SP98,1.99,8200,1963,599,250,105,9
2026-08-12,E10,1.99,7767,1300,4080,243,90,58
2026-08-12,Gazole,2.25,9681,875,7619,255,65,126
2026-08-12,SP98,1.99,8198,1945,381,250,105,3
2026-08-13,E10,1.99,7765,1427,3634,243,99,43
2026-08-13,Gazole,2.25,9681,1039,7368,255,66,117
2026-08-13,SP98,1.99,8197,1935,236,250,105,3
2026-08-14,E10,1.99,7765,1491,3239,243,103,38
2026-08-14,Gazole,2.25,9680,1075,7215,255,66,111
2026-08-14,SP98,1.99,8196,1904,118,250,106,2
2026-08-15,E10,1.99,7765,1486,3170,243,96,41
2026-08-15,Gazole,2.25,9680,952,7332,255,61,114
2026-08-15,SP98,1.99,8196,1899,95,250,105,2
2026-08-16,E10,1.99,7764,1489,3152,243,96,41
2026-08-16,Gazole,2.25,9680,953,7321,255,61,114
2026-08-16,SP98,1.99,8196,1897,92,250,105,2
2026-08-17,E10,1.99,7763,1496,2787,243,96,36
2026-08-17,Gazole,2.25,9679,1088,7079,255,67,109
2026-08-17,SP98,1.99,8194,1886,62,250,105,1
2026-08-18,E10,1.99,7764,1680,2366,243,106,11
2026-08-18,Gazole,2.25,9680,1156,6867,255,67,98
2026-08-18,SP98,1.99,8195,1883,51,250,105,1
2026-08-19,E10,1.99,7765,1665,2261,243,104,8
2026-08-19,Gazole,2.25,9680,1223,6540,255,74,86
2026-08-19,SP98,1.99,8195,1877,39,250,105,1
2026-08-20,E10,1.99,7764,1638,2033,243,100,9
2026-08-20,Gazole,2.25,9679,1264,6201,255,76,81
2026-08-20,SP98,1.99,8192,1873,30,250,105,1
2026-08-21,E10,1.99,7764,1750,1610,243,102,7
2026-08-21,Gazole,2.25,9675,1295,5917,255,67,90
2026-08-21,SP98,1.99,8189,1873,27,250,105,1
2026-08-22,E10,1.99,7763,1862,1388,243,102,6
2026-08-22,Gazole,2.25,9665,1320,5812,255,67,89
2026-08-22,SP98,1.99,8187,1872,25,249,104,1
2026-08-23,E10,1.99,7752,1852,1375,243,102,6
2026-08-23,Gazole,2.25,9655,1315,5804,253,65,89
2026-08-23,SP98,1.99,8173,1859,25,249,104,1
2026-08-24,E10,1.99,7747,1845,1164,243,102,1
2026-08-24,Gazole,2.25,9646,1333,5683,253,65,89
2026-08-24,SP98,1.99,8163,1850,24,248,103,1
2026-08-25,E10,1.99,7747,1767,997,243,102,1
2026-08-25,Gazole,2.25,9645,1317,5628,253,74,80
2026-08-25,SP98,1.99,8162,1848,23,248,103,1
2026-08-26,E10,1.99,7748,1699,976,243,102,1
2026-08-26,Gazole,2.25,9645,1270,5802,253,72,84
2026-08-26,SP98,1.99,8162,1848,21,248,103,1
2026-08-27,E10,1.99,7748,1749,855,242,101,1
2026-08-27,Gazole,2.25,9633,1131,6147,253,65,93
2026-08-27,SP98,1.99,8161,1848,20,248,103,1
2026-08-28,E10,1.99,7747,1732,845,242,101,1
2026-08-28,Gazole,2.25,9628,1034,6517,252,63,99
2026-08-28,SP98,1.99,8155,1840,21,248,102,1
2026-08-29,E10,1.99,7744,1937,590,241,101,1
2026-08-29,Gazole,2.25,9626,903,6752,251,58,104
2026-08-29,SP98,1.99,8154,1839,22,247,101,1
2026-08-30,E10,1.99,7743,1936,579,241,101,1
2026-08-30,Gazole,2.25,9623,902,6762,251,58,104
2026-08-30,SP98,1.99,8151,1839,21,247,101,1
2026-08-31,E10,1.99,7744,1907,324,241,101,0
2026-08-31,Gazole,2.25,9622,1006,6800,251,61,100
2026-08-31,SP98,1.99,8149,1835,17,247,101,1
2026-09-01,E10,1.99,7744,1892,142,241,101,0
2026-09-01,Gazole,2.25,9622,1110,6748,251,65,92
2026-09-01,SP98,1.99,8150,1833,19,247,101,1
2026-09-02,E10,1.99,7744,1867,77,241,101,0
2026-09-02,Gazole,2.25,9622,1267,6539,251,89,67
2026-09-02,SP98,1.99,8150,1835,17,247,101,1
2026-09-03,E10,1.99,7742,1851,55,241,101,0
2026-09-03,Gazole,2.25,9619,1427,5267,251,105,34
2026-09-03,SP98,1.99,8150,1837,12,247,102,0
2026-09-04,E10,1.99,7742,1842,38,241,101,0
2026-09-04,Gazole,2.25,9618,1825,3255,251,110,13
2026-09-04,SP98,1.99,8147,1836,11,247,102,0
2026-09-05,E10,1.99,7741,1841,38,241,101,0
2026-09-05,Gazole,2.25,9614,1921,2613,251,104,13
2026-09-05,SP98,1.99,8146,1835,11,247,102,0
2026-09-06,E10,1.99,7738,1840,38,241,101,0
2026-09-06,Gazole,2.25,9613,1927,2551,251,104,13
2026-09-06,SP98,1.99,8144,1834,11,247,102,0
2026-09-07,E10,1.99,7739,1843,32,241,101,0
2026-09-07,Gazole,2.25,9615,1970,1809,251,102,13
2026-09-07,SP98,1.99,8142,1830,11,247,103,0
2026-09-08,E10,1.99,7741,1839,31,241,101,0
2026-09-08,Gazole,2.25,9616,2150,1180,251,103,5
2026-09-08,SP98,1.99,8142,1830,10,247,103,0
2026-09-09,E10,1.99,7743,1841,30,241,101,0
2026-09-09,Gazole,2.25,9617,2187,843,251,101,5
2026-09-09,SP98,1.99,8143,1832,10,247,103,0
2026-09-10,E10,1.99,7746,1839,28,241,101,0
2026-09-10,Gazole,2.25,9614,2180,570,251,100,5
2026-09-10,SP98,1.99,8141,1830,10,247,103,0
2026-09-11,E10,1.99,7748,1838,20,241,101,0
2026-09-11,Gazole,2.25,9613,2150,349,251,100,5
2026-09-11,SP98,1.99,8143,1830,8,247,103,0
2026-09-12,E10,1.99,7746,1835,20,241,101,0
2026-09-12,Gazole,2.25,9602,2135,288,251,100,5
2026-09-12,SP98,1.99,8139,1828,8,247,103,0
2026-09-13,E10,1.99,7743,1832,19,241,101,0
2026-09-13,Gazole,2.25,9596,2130,281,251,100,5
2026-09-13,SP98,1.99,8136,1826,8,247,103,0
2026-09-14,E10,1.99,7741,1828,18,241,101,0
2026-09-14,Gazole,2.25,9595,2127,217,251,99,4
2026-09-14,SP98,1.99,8131,1822,7,247,103,0
2026-09-15,E10,1.99,7750,1832,16,241,101,0
2026-09-15,Gazole,2.25,9597,2142,168,251,100,2
2026-09-15,SP98,1.99,8132,1823,8,247,103,0
2026-09-16,E10,1.99,7756,1834,14,242,101,0
2026-09-16,Gazole,2.25,9597,2145,145,251,100,0
2026-09-16,SP98,1.99,8132,1822,8,247,103,0
2026-09-17,E10,1.99,7759,1831,13,242,101,0
2026-09-17,Gazole,2.25,9597,2149,123,251,100,0
2026-09-17,SP98,1.99,8128,1816,8,247,103,0
2026-09-18,E10,1.99,7758,1829,9,242,101,0
2026-09-18,Gazole,2.25,9593,2149,110,251,100,0
2026-09-18,SP98,1.99,8126,1815,7,247,103,0
2026-09-19,E10,1.99,7757,1826,9,242,101,0
2026-09-19,Gazole,2.25,9590,2150,108,251,100,0
2026-09-19,SP98,1.99,8122,1814,6,247,103,0
2026-09-20,E10,1.99,7755,1827,8,242,101,0
2026-09-20,Gazole,2.25,9588,2150,107,251,100,0
2026-09-20,SP98,1.99,8120,1813,7,247,103,0
2026-09-21,E10,1.99,7754,1824,8,242,101,0
2026-09-21,Gazole,2.25,9585,2153,99,251,100,0
2026-09-21,SP98,1.99,8119,1811,8,247,103,0
2026-09-22,E10,1.99,7759,1823,7,242,101,0
2026-09-22,Gazole,2.25,9586,2154,98,251,100,0
2026-09-22,SP98,1.99,8118,1811,6,247,103,0
2026-09-23,E10,1.99,7765,1825,6,242,101,0
2026-09-23,Gazole,2.25,9586,2160,90,251,100,0
2026-09-23,SP98,1.99,8117,1811,6,247,103,0
2026-09-24,E10,1.99,7765,1823,5,242,100,0
2026-09-24,Gazole,2.25,9583,2162,79,251,100,0
2026-09-24,SP98,1.99,8116,1809,6,247,103,0
2026-09-25,E10,1.99,7764,1823,4,241,100,0
2026-09-25,Gazole,2.25,9581,2164,76,251,100,0
2026-09-25,SP98,1.99,8116,1810,6,247,103,0
2026-09-26,E10,1.99,7764,1823,4,241,100,0
2026-09-26,Gazole,2.25,9570,2156,75,251,99,1
2026-09-26,SP98,1.99,8112,1807,6,247,103,0
2026-09-27,E10,1.99,7761,1820,4,241,100,0
2026-09-27,Gazole,2.25,9568,2155,74,251,99,1
2026-09-27,SP98,1.99,8108,1804,6,247,103,0
